<?xml version='1.0' encoding='UTF-8' standalone='yes' ?><gpx version="1.0" xmlns="http://www.topografix.com/GPX/1/1" xmlns:xsi="http://www.w3.org/2001/XMLSchema-instance" xsi:schemaLocation="http://www.topografix.com/GPX/1/1 http://www.topografix.com/GPX/1/1/gpx.xsd"><name>20260401Outdoor running</name><desc>Export from Mi Fitness</desc><trk><extensions><totalDistance>5018</totalDistance><cumulativeClimb>0.0</cumulativeClimb><cumulativeDecrease>0.0</cumulativeDecrease></extensions><trkseg><trkpt lat="14.22683334350586" lon="121.14989471435547"><time>2026-04-01T18:02:06.000Z</time></trkpt><trkpt lat="14.226719856262207" lon="121.14989471435547"><time>2026-04-01T18:02:07.000Z</time></trkpt><trkpt lat="14.22677993774414" lon="121.14990997314453"><time>2026-04-01T18:02:08.000Z</time></trkpt><trkpt lat="14.226777076721191" lon="121.14991760253906"><time>2026-04-01T18:02:09.000Z</time></trkpt><trkpt lat="14.226766586303711" lon="121.14994812011719"><time>2026-04-01T18:02:10.000Z</time></trkpt><trkpt lat="14.226743698120117" lon="121.14995574951172"><time>2026-04-01T18:02:11.000Z</time></trkpt><trkpt lat="14.22672176361084" lon="121.14994812011719"><time>2026-04-01T18:02:12.000Z</time></trkpt><trkpt lat="14.226706504821777" lon="121.14995574951172"><time>2026-04-01T18:02:13.000Z</time></trkpt><trkpt lat="14.22671127319336" lon="121.14997100830078"><time>2026-04-01T18:02:15.000Z</time></trkpt><trkpt lat="14.226715087890625" lon="121.14999389648438"><time>2026-04-01T18:02:16.000Z</time></trkpt><trkpt lat="14.226723670959473" lon="121.1500244140625"><time>2026-04-01T18:02:17.000Z</time></trkpt><trkpt lat="14.226733207702637" lon="121.15005493164062"><time>2026-04-01T18:02:18.000Z</time></trkpt><trkpt lat="14.226741790771484" lon="121.15007781982422"><time>2026-04-01T18:02:19.000Z</time></trkpt><trkpt lat="14.226750373840332" lon="121.15010070800781"><time>2026-04-01T18:02:20.000Z</time></trkpt><trkpt lat="14.226758003234863" lon="121.1501235961914"><time>2026-04-01T18:02:21.000Z</time></trkpt><trkpt lat="14.226761817932129" lon="121.15013885498047"><time>2026-04-01T18:02:22.000Z</time></trkpt><trkpt lat="14.226775169372559" lon="121.15015411376953"><time>2026-04-01T18:02:23.000Z</time></trkpt><trkpt lat="14.226781845092773" lon="121.15016174316406"><time>2026-04-01T18:02:24.000Z</time></trkpt><trkpt lat="14.226786613464355" lon="121.15017700195312"><time>2026-04-01T18:02:25.000Z</time></trkpt><trkpt lat="14.226797103881836" lon="121.15018463134766"><time>2026-04-01T18:02:26.000Z</time></trkpt><trkpt lat="14.226804733276367" lon="121.15019989013672"><time>2026-04-01T18:02:27.000Z</time></trkpt><trkpt lat="14.22681713104248" lon="121.15021514892578"><time>2026-04-01T18:02:28.000Z</time></trkpt><trkpt lat="14.226824760437012" lon="121.15023803710938"><time>2026-04-01T18:02:29.000Z</time></trkpt><trkpt lat="14.226835250854492" lon="121.15025329589844"><time>2026-04-01T18:02:30.000Z</time></trkpt><trkpt lat="14.226840019226074" lon="121.15026092529297"><time>2026-04-01T18:02:31.000Z</time></trkpt><trkpt lat="14.226846694946289" lon="121.15027618408203"><time>2026-04-01T18:02:32.000Z</time></trkpt><trkpt lat="14.226853370666504" lon="121.15028381347656"><time>2026-04-01T18:02:33.000Z</time></trkpt><trkpt lat="14.226856231689453" lon="121.15030670166016"><time>2026-04-01T18:02:34.000Z</time></trkpt><trkpt lat="14.226869583129883" lon="121.15032196044922"><time>2026-04-01T18:02:35.000Z</time></trkpt><trkpt lat="14.226881980895996" lon="121.15033721923828"><time>2026-04-01T18:02:36.000Z</time></trkpt><trkpt lat="14.22689151763916" lon="121.15035247802734"><time>2026-04-01T18:02:37.000Z</time></trkpt><trkpt lat="14.22690200805664" lon="121.1503677368164"><time>2026-04-01T18:02:38.000Z</time></trkpt><trkpt lat="14.226906776428223" lon="121.15038299560547"><time>2026-04-01T18:02:39.000Z</time></trkpt><trkpt lat="14.226913452148438" lon="121.15039825439453"><time>2026-04-01T18:02:40.000Z</time></trkpt><trkpt lat="14.226924896240234" lon="121.15042114257812"><time>2026-04-01T18:02:41.000Z</time></trkpt><trkpt lat="14.226940155029297" lon="121.15045166015625"><time>2026-04-01T18:02:42.000Z</time></trkpt><trkpt lat="14.226951599121094" lon="121.15046691894531"><time>2026-04-01T18:02:43.000Z</time></trkpt><trkpt lat="14.226960182189941" lon="121.1504898071289"><time>2026-04-01T18:02:44.000Z</time></trkpt><trkpt lat="14.226969718933105" lon="121.1505126953125"><time>2026-04-01T18:02:45.000Z</time></trkpt><trkpt lat="14.226980209350586" lon="121.15052795410156"><time>2026-04-01T18:02:46.000Z</time></trkpt><trkpt lat="14.226988792419434" lon="121.15054321289062"><time>2026-04-01T18:02:47.000Z</time></trkpt><trkpt lat="14.22700309753418" lon="121.15055847167969"><time>2026-04-01T18:02:48.000Z</time></trkpt><trkpt lat="14.227014541625977" lon="121.15056610107422"><time>2026-04-01T18:02:49.000Z</time></trkpt><trkpt lat="14.22702693939209" lon="121.15058135986328"><time>2026-04-01T18:02:50.000Z</time></trkpt><trkpt lat="14.227038383483887" lon="121.15059661865234"><time>2026-04-01T18:02:51.000Z</time></trkpt><trkpt lat="14.227049827575684" lon="121.1506118774414"><time>2026-04-01T18:02:52.000Z</time></trkpt><trkpt lat="14.227060317993164" lon="121.15062713623047"><time>2026-04-01T18:02:53.000Z</time></trkpt><trkpt lat="14.227076530456543" lon="121.15065002441406"><time>2026-04-01T18:02:54.000Z</time></trkpt><trkpt lat="14.227093696594238" lon="121.15066528320312"><time>2026-04-01T18:02:55.000Z</time></trkpt><trkpt lat="14.227107048034668" lon="121.15068054199219"><time>2026-04-01T18:02:56.000Z</time></trkpt><trkpt lat="14.227116584777832" lon="121.15070343017578"><time>2026-04-01T18:02:57.000Z</time></trkpt><trkpt lat="14.227129936218262" lon="121.15072631835938"><time>2026-04-01T18:02:58.000Z</time></trkpt><trkpt lat="14.227141380310059" lon="121.15074920654297"><time>2026-04-01T18:02:59.000Z</time></trkpt><trkpt lat="14.227151870727539" lon="121.15077209472656"><time>2026-04-01T18:03:00.000Z</time></trkpt><trkpt lat="14.227158546447754" lon="121.15078735351562"><time>2026-04-01T18:03:01.000Z</time></trkpt><trkpt lat="14.227161407470703" lon="121.15080261230469"><time>2026-04-01T18:03:02.000Z</time></trkpt><trkpt lat="14.227165222167969" lon="121.15081787109375"><time>2026-04-01T18:03:03.000Z</time></trkpt><trkpt lat="14.227174758911133" lon="121.15083312988281"><time>2026-04-01T18:03:04.000Z</time></trkpt><trkpt lat="14.22718620300293" lon="121.1508560180664"><time>2026-04-01T18:03:05.000Z</time></trkpt><trkpt lat="14.227205276489258" lon="121.15087127685547"><time>2026-04-01T18:03:06.000Z</time></trkpt><trkpt lat="14.227219581604004" lon="121.15089416503906"><time>2026-04-01T18:03:07.000Z</time></trkpt><trkpt lat="14.227241516113281" lon="121.15091705322266"><time>2026-04-01T18:03:08.000Z</time></trkpt><trkpt lat="14.227259635925293" lon="121.15093994140625"><time>2026-04-01T18:03:09.000Z</time></trkpt><trkpt lat="14.227274894714355" lon="121.15096282958984"><time>2026-04-01T18:03:10.000Z</time></trkpt><trkpt lat="14.227290153503418" lon="121.15099334716797"><time>2026-04-01T18:03:11.000Z</time></trkpt><trkpt lat="14.227303504943848" lon="121.1510238647461"><time>2026-04-01T18:03:12.000Z</time></trkpt><trkpt lat="14.227313041687012" lon="121.15105438232422"><time>2026-04-01T18:03:13.000Z</time></trkpt><trkpt lat="14.227323532104492" lon="121.15107727050781"><time>2026-04-01T18:03:14.000Z</time></trkpt><trkpt lat="14.227339744567871" lon="121.1511001586914"><time>2026-04-01T18:03:15.000Z</time></trkpt><trkpt lat="14.2273530960083" lon="121.151123046875"><time>2026-04-01T18:03:16.000Z</time></trkpt><trkpt lat="14.22736644744873" lon="121.15115356445312"><time>2026-04-01T18:03:17.000Z</time></trkpt><trkpt lat="14.227376937866211" lon="121.15117645263672"><time>2026-04-01T18:03:18.000Z</time></trkpt><trkpt lat="14.227384567260742" lon="121.15119171142578"><time>2026-04-01T18:03:19.000Z</time></trkpt><trkpt lat="14.22739028930664" lon="121.15120697021484"><time>2026-04-01T18:03:20.000Z</time></trkpt><trkpt lat="14.22739315032959" lon="121.15122985839844"><time>2026-04-01T18:03:21.000Z</time></trkpt><trkpt lat="14.227408409118652" lon="121.15125274658203"><time>2026-04-01T18:03:22.000Z</time></trkpt><trkpt lat="14.227428436279297" lon="121.15127563476562"><time>2026-04-01T18:03:23.000Z</time></trkpt><trkpt lat="14.227437973022461" lon="121.15129852294922"><time>2026-04-01T18:03:24.000Z</time></trkpt><trkpt lat="14.227448463439941" lon="121.15131378173828"><time>2026-04-01T18:03:25.000Z</time></trkpt><trkpt lat="14.227458000183105" lon="121.15132904052734"><time>2026-04-01T18:03:26.000Z</time></trkpt><trkpt lat="14.227470397949219" lon="121.1513442993164"><time>2026-04-01T18:03:27.000Z</time></trkpt><trkpt lat="14.227490425109863" lon="121.15135955810547"><time>2026-04-01T18:03:28.000Z</time></trkpt><trkpt lat="14.227506637573242" lon="121.15138244628906"><time>2026-04-01T18:03:29.000Z</time></trkpt><trkpt lat="14.227521896362305" lon="121.15140533447266"><time>2026-04-01T18:03:30.000Z</time></trkpt><trkpt lat="14.227533340454102" lon="121.15142059326172"><time>2026-04-01T18:03:31.000Z</time></trkpt><trkpt lat="14.227548599243164" lon="121.15143585205078"><time>2026-04-01T18:03:32.000Z</time></trkpt><trkpt lat="14.22756290435791" lon="121.15145874023438"><time>2026-04-01T18:03:33.000Z</time></trkpt><trkpt lat="14.22757339477539" lon="121.1514663696289"><time>2026-04-01T18:03:34.000Z</time></trkpt><trkpt lat="14.227588653564453" lon="121.1514892578125"><time>2026-04-01T18:03:35.000Z</time></trkpt><trkpt lat="14.227602005004883" lon="121.15149688720703"><time>2026-04-01T18:03:36.000Z</time></trkpt><trkpt lat="14.227611541748047" lon="121.15151977539062"><time>2026-04-01T18:03:37.000Z</time></trkpt><trkpt lat="14.227615356445312" lon="121.15152740478516"><time>2026-04-01T18:03:38.000Z</time></trkpt><trkpt lat="14.227609634399414" lon="121.15154266357422"><time>2026-04-01T18:03:39.000Z</time></trkpt><trkpt lat="14.22760009765625" lon="121.15155792236328"><time>2026-04-01T18:03:40.000Z</time></trkpt><trkpt lat="14.22758674621582" lon="121.15157318115234"><time>2026-04-01T18:03:41.000Z</time></trkpt><trkpt lat="14.227571487426758" lon="121.15160369873047"><time>2026-04-01T18:03:42.000Z</time></trkpt><trkpt lat="14.227558135986328" lon="121.15162658691406"><time>2026-04-01T18:03:43.000Z</time></trkpt><trkpt lat="14.227544784545898" lon="121.15164184570312"><time>2026-04-01T18:03:44.000Z</time></trkpt><trkpt lat="14.227529525756836" lon="121.15165710449219"><time>2026-04-01T18:03:45.000Z</time></trkpt><trkpt lat="14.227519989013672" lon="121.15167236328125"><time>2026-04-01T18:03:46.000Z</time></trkpt><trkpt lat="14.227508544921875" lon="121.15167999267578"><time>2026-04-01T18:03:47.000Z</time></trkpt><trkpt lat="14.227490425109863" lon="121.15170288085938"><time>2026-04-01T18:03:48.000Z</time></trkpt><trkpt lat="14.227470397949219" lon="121.15171813964844"><time>2026-04-01T18:03:49.000Z</time></trkpt><trkpt lat="14.227448463439941" lon="121.15174865722656"><time>2026-04-01T18:03:50.000Z</time></trkpt><trkpt lat="14.22743034362793" lon="121.15176391601562"><time>2026-04-01T18:03:51.000Z</time></trkpt><trkpt lat="14.227415084838867" lon="121.15178680419922"><time>2026-04-01T18:03:52.000Z</time></trkpt><trkpt lat="14.227401733398438" lon="121.15180206298828"><time>2026-04-01T18:03:53.000Z</time></trkpt><trkpt lat="14.227381706237793" lon="121.15182495117188"><time>2026-04-01T18:03:54.000Z</time></trkpt><trkpt lat="14.227357864379883" lon="121.1518325805664"><time>2026-04-01T18:03:55.000Z</time></trkpt><trkpt lat="14.227341651916504" lon="121.15184020996094"><time>2026-04-01T18:03:56.000Z</time></trkpt><trkpt lat="14.227325439453125" lon="121.15185546875"><time>2026-04-01T18:03:57.000Z</time></trkpt><trkpt lat="14.227312088012695" lon="121.15186309814453"><time>2026-04-01T18:03:58.000Z</time></trkpt><trkpt lat="14.227294921875" lon="121.15187072753906"><time>2026-04-01T18:03:59.000Z</time></trkpt><trkpt lat="14.227276802062988" lon="121.1518783569336"><time>2026-04-01T18:04:00.000Z</time></trkpt><trkpt lat="14.227263450622559" lon="121.1518783569336"><time>2026-04-01T18:04:01.000Z</time></trkpt><trkpt lat="14.227245330810547" lon="121.15188598632812"><time>2026-04-01T18:04:02.000Z</time></trkpt><trkpt lat="14.227228164672852" lon="121.15190124511719"><time>2026-04-01T18:04:03.000Z</time></trkpt><trkpt lat="14.227218627929688" lon="121.15191650390625"><time>2026-04-01T18:04:04.000Z</time></trkpt><trkpt lat="14.22719955444336" lon="121.15192413330078"><time>2026-04-01T18:04:05.000Z</time></trkpt><trkpt lat="14.227161407470703" lon="121.15193939208984"><time>2026-04-01T18:04:06.000Z</time></trkpt><trkpt lat="14.227120399475098" lon="121.15194702148438"><time>2026-04-01T18:04:07.000Z</time></trkpt><trkpt lat="14.227081298828125" lon="121.1519546508789"><time>2026-04-01T18:04:08.000Z</time></trkpt><trkpt lat="14.227049827575684" lon="121.15196228027344"><time>2026-04-01T18:04:09.000Z</time></trkpt><trkpt lat="14.227029800415039" lon="121.1519775390625"><time>2026-04-01T18:04:10.000Z</time></trkpt><trkpt lat="14.227005004882812" lon="121.15198516845703"><time>2026-04-01T18:04:11.000Z</time></trkpt><trkpt lat="14.226983070373535" lon="121.1520004272461"><time>2026-04-01T18:04:12.000Z</time></trkpt><trkpt lat="14.226964950561523" lon="121.15201568603516"><time>2026-04-01T18:04:13.000Z</time></trkpt><trkpt lat="14.22694206237793" lon="121.15202331542969"><time>2026-04-01T18:04:14.000Z</time></trkpt><trkpt lat="14.226922035217285" lon="121.15203094482422"><time>2026-04-01T18:04:15.000Z</time></trkpt><trkpt lat="14.226898193359375" lon="121.15204620361328"><time>2026-04-01T18:04:16.000Z</time></trkpt><trkpt lat="14.226866722106934" lon="121.15206146240234"><time>2026-04-01T18:04:17.000Z</time></trkpt><trkpt lat="14.226838111877441" lon="121.15206146240234"><time>2026-04-01T18:04:18.000Z</time></trkpt><trkpt lat="14.226808547973633" lon="121.15206909179688"><time>2026-04-01T18:04:19.000Z</time></trkpt><trkpt lat="14.226775169372559" lon="121.15206909179688"><time>2026-04-01T18:04:20.000Z</time></trkpt><trkpt lat="14.226770401000977" lon="121.15206909179688"><time>2026-04-01T18:04:21.000Z</time></trkpt><trkpt lat="14.22673511505127" lon="121.1520767211914"><time>2026-04-01T18:04:22.000Z</time></trkpt><trkpt lat="14.226710319519043" lon="121.15209197998047"><time>2026-04-01T18:04:23.000Z</time></trkpt><trkpt lat="14.226696968078613" lon="121.15209197998047"><time>2026-04-01T18:04:24.000Z</time></trkpt><trkpt lat="14.226677894592285" lon="121.15210723876953"><time>2026-04-01T18:04:25.000Z</time></trkpt><trkpt lat="14.226670265197754" lon="121.1521224975586"><time>2026-04-01T18:04:26.000Z</time></trkpt><trkpt lat="14.22667121887207" lon="121.15213012695312"><time>2026-04-01T18:04:27.000Z</time></trkpt><trkpt lat="14.226670265197754" lon="121.15214538574219"><time>2026-04-01T18:04:28.000Z</time></trkpt><trkpt lat="14.226668357849121" lon="121.15215301513672"><time>2026-04-01T18:04:29.000Z</time></trkpt><trkpt lat="14.226664543151855" lon="121.15216827392578"><time>2026-04-01T18:04:30.000Z</time></trkpt><trkpt lat="14.226663589477539" lon="121.15218353271484"><time>2026-04-01T18:04:31.000Z</time></trkpt><trkpt lat="14.226661682128906" lon="121.1521987915039"><time>2026-04-01T18:04:32.000Z</time></trkpt><trkpt lat="14.226659774780273" lon="121.1522216796875"><time>2026-04-01T18:04:33.000Z</time></trkpt><trkpt lat="14.226664543151855" lon="121.1522445678711"><time>2026-04-01T18:04:34.000Z</time></trkpt><trkpt lat="14.226664543151855" lon="121.15226745605469"><time>2026-04-01T18:04:35.000Z</time></trkpt><trkpt lat="14.226675033569336" lon="121.15228271484375"><time>2026-04-01T18:04:36.000Z</time></trkpt><trkpt lat="14.226677894592285" lon="121.15229797363281"><time>2026-04-01T18:04:37.000Z</time></trkpt><trkpt lat="14.22668170928955" lon="121.15230560302734"><time>2026-04-01T18:04:38.000Z</time></trkpt><trkpt lat="14.226683616638184" lon="121.1523208618164"><time>2026-04-01T18:04:39.000Z</time></trkpt><trkpt lat="14.226688385009766" lon="121.15233612060547"><time>2026-04-01T18:04:40.000Z</time></trkpt><trkpt lat="14.226691246032715" lon="121.15234375"><time>2026-04-01T18:04:41.000Z</time></trkpt><trkpt lat="14.22669506072998" lon="121.15235900878906"><time>2026-04-01T18:04:42.000Z</time></trkpt><trkpt lat="14.226696968078613" lon="121.15237426757812"><time>2026-04-01T18:04:43.000Z</time></trkpt><trkpt lat="14.22669792175293" lon="121.15238952636719"><time>2026-04-01T18:04:44.000Z</time></trkpt><trkpt lat="14.226701736450195" lon="121.15241241455078"><time>2026-04-01T18:04:45.000Z</time></trkpt><trkpt lat="14.22670841217041" lon="121.15243530273438"><time>2026-04-01T18:04:46.000Z</time></trkpt><trkpt lat="14.226715087890625" lon="121.1524658203125"><time>2026-04-01T18:04:47.000Z</time></trkpt><trkpt lat="14.226719856262207" lon="121.15249633789062"><time>2026-04-01T18:04:48.000Z</time></trkpt><trkpt lat="14.226726531982422" lon="121.15251922607422"><time>2026-04-01T18:04:49.000Z</time></trkpt><trkpt lat="14.226733207702637" lon="121.15254211425781"><time>2026-04-01T18:04:50.000Z</time></trkpt><trkpt lat="14.226739883422852" lon="121.1525650024414"><time>2026-04-01T18:04:51.000Z</time></trkpt><trkpt lat="14.226739883422852" lon="121.15258026123047"><time>2026-04-01T18:04:52.000Z</time></trkpt><trkpt lat="14.226744651794434" lon="121.15259552001953"><time>2026-04-01T18:04:53.000Z</time></trkpt><trkpt lat="14.226750373840332" lon="121.15260314941406"><time>2026-04-01T18:04:54.000Z</time></trkpt><trkpt lat="14.226766586303711" lon="121.15265655517578"><time>2026-04-01T18:04:55.000Z</time></trkpt><trkpt lat="14.226770401000977" lon="121.15267181396484"><time>2026-04-01T18:04:56.000Z</time></trkpt><trkpt lat="14.226773262023926" lon="121.15269470214844"><time>2026-04-01T18:04:57.000Z</time></trkpt><trkpt lat="14.226778030395508" lon="121.1527099609375"><time>2026-04-01T18:04:58.000Z</time></trkpt><trkpt lat="14.226781845092773" lon="121.15272521972656"><time>2026-04-01T18:04:59.000Z</time></trkpt><trkpt lat="14.226788520812988" lon="121.15274810791016"><time>2026-04-01T18:05:00.000Z</time></trkpt><trkpt lat="14.226795196533203" lon="121.15277099609375"><time>2026-04-01T18:05:01.000Z</time></trkpt><trkpt lat="14.226799964904785" lon="121.15278625488281"><time>2026-04-01T18:05:02.000Z</time></trkpt><trkpt lat="14.226804733276367" lon="121.1528091430664"><time>2026-04-01T18:05:04.000Z</time></trkpt><trkpt lat="14.226813316345215" lon="121.15282440185547"><time>2026-04-01T18:05:05.000Z</time></trkpt><trkpt lat="14.226828575134277" lon="121.1528549194336"><time>2026-04-01T18:05:06.000Z</time></trkpt><trkpt lat="14.226835250854492" lon="121.15287017822266"><time>2026-04-01T18:05:07.000Z</time></trkpt><trkpt lat="14.226841926574707" lon="121.15288543701172"><time>2026-04-01T18:05:08.000Z</time></trkpt><trkpt lat="14.226849555969238" lon="121.15290069580078"><time>2026-04-01T18:05:09.000Z</time></trkpt><trkpt lat="14.2268648147583" lon="121.15292358398438"><time>2026-04-01T18:05:10.000Z</time></trkpt><trkpt lat="14.226869583129883" lon="121.15293884277344"><time>2026-04-01T18:05:11.000Z</time></trkpt><trkpt lat="14.226869583129883" lon="121.1529541015625"><time>2026-04-01T18:05:12.000Z</time></trkpt><trkpt lat="14.226868629455566" lon="121.15296173095703"><time>2026-04-01T18:05:13.000Z</time></trkpt><trkpt lat="14.226866722106934" lon="121.15296936035156"><time>2026-04-01T18:05:14.000Z</time></trkpt><trkpt lat="14.226866722106934" lon="121.1529769897461"><time>2026-04-01T18:05:15.000Z</time></trkpt><trkpt lat="14.226893424987793" lon="121.15303039550781"><time>2026-04-01T18:05:16.000Z</time></trkpt><trkpt lat="14.226895332336426" lon="121.15304565429688"><time>2026-04-01T18:05:17.000Z</time></trkpt><trkpt lat="14.226895332336426" lon="121.15306091308594"><time>2026-04-01T18:05:18.000Z</time></trkpt><trkpt lat="14.226906776428223" lon="121.15308380126953"><time>2026-04-01T18:05:19.000Z</time></trkpt><trkpt lat="14.22691535949707" lon="121.15310668945312"><time>2026-04-01T18:05:20.000Z</time></trkpt><trkpt lat="14.226920127868652" lon="121.15312957763672"><time>2026-04-01T18:05:21.000Z</time></trkpt><trkpt lat="14.226920127868652" lon="121.15314483642578"><time>2026-04-01T18:05:22.000Z</time></trkpt><trkpt lat="14.226916313171387" lon="121.15316009521484"><time>2026-04-01T18:05:23.000Z</time></trkpt><trkpt lat="14.226916313171387" lon="121.15319061279297"><time>2026-04-01T18:05:24.000Z</time></trkpt><trkpt lat="14.226916313171387" lon="121.1532211303711"><time>2026-04-01T18:05:25.000Z</time></trkpt><trkpt lat="14.22691822052002" lon="121.15325927734375"><time>2026-04-01T18:05:26.000Z</time></trkpt><trkpt lat="14.22691822052002" lon="121.15328216552734"><time>2026-04-01T18:05:27.000Z</time></trkpt><trkpt lat="14.226920127868652" lon="121.15331268310547"><time>2026-04-01T18:05:28.000Z</time></trkpt><trkpt lat="14.226922988891602" lon="121.15332794189453"><time>2026-04-01T18:05:29.000Z</time></trkpt><trkpt lat="14.226924896240234" lon="121.1533432006836"><time>2026-04-01T18:05:30.000Z</time></trkpt><trkpt lat="14.226926803588867" lon="121.15335845947266"><time>2026-04-01T18:05:31.000Z</time></trkpt><trkpt lat="14.226922035217285" lon="121.15337371826172"><time>2026-04-01T18:05:32.000Z</time></trkpt><trkpt lat="14.22691822052002" lon="121.15338134765625"><time>2026-04-01T18:05:33.000Z</time></trkpt><trkpt lat="14.226920127868652" lon="121.15340423583984"><time>2026-04-01T18:05:34.000Z</time></trkpt><trkpt lat="14.22691535949707" lon="121.15341186523438"><time>2026-04-01T18:05:35.000Z</time></trkpt><trkpt lat="14.226906776428223" lon="121.1534194946289"><time>2026-04-01T18:05:36.000Z</time></trkpt><trkpt lat="14.226893424987793" lon="121.15342712402344"><time>2026-04-01T18:05:37.000Z</time></trkpt><trkpt lat="14.226880073547363" lon="121.1534423828125"><time>2026-04-01T18:05:38.000Z</time></trkpt><trkpt lat="14.226866722106934" lon="121.15345001220703"><time>2026-04-01T18:05:39.000Z</time></trkpt><trkpt lat="14.226849555969238" lon="121.15345764160156"><time>2026-04-01T18:05:40.000Z</time></trkpt><trkpt lat="14.226835250854492" lon="121.15347290039062"><time>2026-04-01T18:05:41.000Z</time></trkpt><trkpt lat="14.226815223693848" lon="121.15348815917969"><time>2026-04-01T18:05:42.000Z</time></trkpt><trkpt lat="14.226797103881836" lon="121.15350341796875"><time>2026-04-01T18:05:43.000Z</time></trkpt><trkpt lat="14.22677993774414" lon="121.15350341796875"><time>2026-04-01T18:05:44.000Z</time></trkpt><trkpt lat="14.226764678955078" lon="121.15350341796875"><time>2026-04-01T18:05:45.000Z</time></trkpt><trkpt lat="14.226746559143066" lon="121.15350341796875"><time>2026-04-01T18:05:46.000Z</time></trkpt><trkpt lat="14.226730346679688" lon="121.15350341796875"><time>2026-04-01T18:05:47.000Z</time></trkpt><trkpt lat="14.22671127319336" lon="121.15350341796875"><time>2026-04-01T18:05:48.000Z</time></trkpt><trkpt lat="14.226693153381348" lon="121.15350341796875"><time>2026-04-01T18:05:49.000Z</time></trkpt><trkpt lat="14.226677894592285" lon="121.15351104736328"><time>2026-04-01T18:05:50.000Z</time></trkpt><trkpt lat="14.226661682128906" lon="121.15351104736328"><time>2026-04-01T18:05:51.000Z</time></trkpt><trkpt lat="14.226641654968262" lon="121.15351104736328"><time>2026-04-01T18:05:52.000Z</time></trkpt><trkpt lat="14.226590156555176" lon="121.15350341796875"><time>2026-04-01T18:05:53.000Z</time></trkpt><trkpt lat="14.226570129394531" lon="121.15350341796875"><time>2026-04-01T18:05:54.000Z</time></trkpt><trkpt lat="14.226548194885254" lon="121.15350341796875"><time>2026-04-01T18:05:55.000Z</time></trkpt><trkpt lat="14.22652530670166" lon="121.15350341796875"><time>2026-04-01T18:05:56.000Z</time></trkpt><trkpt lat="14.226496696472168" lon="121.15349578857422"><time>2026-04-01T18:05:57.000Z</time></trkpt><trkpt lat="14.22646713256836" lon="121.15349578857422"><time>2026-04-01T18:05:58.000Z</time></trkpt><trkpt lat="14.2264404296875" lon="121.15349578857422"><time>2026-04-01T18:05:59.000Z</time></trkpt><trkpt lat="14.22641372680664" lon="121.15349578857422"><time>2026-04-01T18:06:00.000Z</time></trkpt><trkpt lat="14.226383209228516" lon="121.15349578857422"><time>2026-04-01T18:06:01.000Z</time></trkpt><trkpt lat="14.226360321044922" lon="121.15349578857422"><time>2026-04-01T18:06:02.000Z</time></trkpt><trkpt lat="14.226340293884277" lon="121.15348815917969"><time>2026-04-01T18:06:03.000Z</time></trkpt><trkpt lat="14.226316452026367" lon="121.15348815917969"><time>2026-04-01T18:06:04.000Z</time></trkpt><trkpt lat="14.226295471191406" lon="121.15348815917969"><time>2026-04-01T18:06:05.000Z</time></trkpt><trkpt lat="14.226273536682129" lon="121.15348815917969"><time>2026-04-01T18:06:06.000Z</time></trkpt><trkpt lat="14.226248741149902" lon="121.15348815917969"><time>2026-04-01T18:06:07.000Z</time></trkpt><trkpt lat="14.226222038269043" lon="121.15348052978516"><time>2026-04-01T18:06:08.000Z</time></trkpt><trkpt lat="14.226198196411133" lon="121.15348052978516"><time>2026-04-01T18:06:09.000Z</time></trkpt><trkpt lat="14.226180076599121" lon="121.15348052978516"><time>2026-04-01T18:06:10.000Z</time></trkpt><trkpt lat="14.226162910461426" lon="121.15348052978516"><time>2026-04-01T18:06:11.000Z</time></trkpt><trkpt lat="14.226142883300781" lon="121.15347290039062"><time>2026-04-01T18:06:12.000Z</time></trkpt><trkpt lat="14.22612476348877" lon="121.15347290039062"><time>2026-04-01T18:06:13.000Z</time></trkpt><trkpt lat="14.226110458374023" lon="121.15347290039062"><time>2026-04-01T18:06:14.000Z</time></trkpt><trkpt lat="14.226088523864746" lon="121.15347290039062"><time>2026-04-01T18:06:15.000Z</time></trkpt><trkpt lat="14.226068496704102" lon="121.1534652709961"><time>2026-04-01T18:06:16.000Z</time></trkpt><trkpt lat="14.22605037689209" lon="121.1534652709961"><time>2026-04-01T18:06:17.000Z</time></trkpt><trkpt lat="14.226033210754395" lon="121.1534652709961"><time>2026-04-01T18:06:18.000Z</time></trkpt><trkpt lat="14.226008415222168" lon="121.15345764160156"><time>2026-04-01T18:06:19.000Z</time></trkpt><trkpt lat="14.225988388061523" lon="121.15345764160156"><time>2026-04-01T18:06:20.000Z</time></trkpt><trkpt lat="14.225968360900879" lon="121.15345764160156"><time>2026-04-01T18:06:21.000Z</time></trkpt><trkpt lat="14.225950241088867" lon="121.15345764160156"><time>2026-04-01T18:06:22.000Z</time></trkpt><trkpt lat="14.225933074951172" lon="121.15345764160156"><time>2026-04-01T18:06:23.000Z</time></trkpt><trkpt lat="14.225916862487793" lon="121.15345764160156"><time>2026-04-01T18:06:24.000Z</time></trkpt><trkpt lat="14.225899696350098" lon="121.15345764160156"><time>2026-04-01T18:06:25.000Z</time></trkpt><trkpt lat="14.225881576538086" lon="121.15345764160156"><time>2026-04-01T18:06:26.000Z</time></trkpt><trkpt lat="14.225865364074707" lon="121.15345764160156"><time>2026-04-01T18:06:27.000Z</time></trkpt><trkpt lat="14.225845336914062" lon="121.15345764160156"><time>2026-04-01T18:06:28.000Z</time></trkpt><trkpt lat="14.225831985473633" lon="121.15345001220703"><time>2026-04-01T18:06:29.000Z</time></trkpt><trkpt lat="14.225812911987305" lon="121.15345001220703"><time>2026-04-01T18:06:30.000Z</time></trkpt><trkpt lat="14.225799560546875" lon="121.1534423828125"><time>2026-04-01T18:06:31.000Z</time></trkpt><trkpt lat="14.225785255432129" lon="121.15345001220703"><time>2026-04-01T18:06:32.000Z</time></trkpt><trkpt lat="14.225774765014648" lon="121.15345001220703"><time>2026-04-01T18:06:33.000Z</time></trkpt><trkpt lat="14.225763320922852" lon="121.15345001220703"><time>2026-04-01T18:06:34.000Z</time></trkpt><trkpt lat="14.225753784179688" lon="121.1534423828125"><time>2026-04-01T18:06:35.000Z</time></trkpt><trkpt lat="14.225738525390625" lon="121.15345001220703"><time>2026-04-01T18:06:36.000Z</time></trkpt><trkpt lat="14.225727081298828" lon="121.15345001220703"><time>2026-04-01T18:06:37.000Z</time></trkpt><trkpt lat="14.2257080078125" lon="121.1534423828125"><time>2026-04-01T18:06:38.000Z</time></trkpt><trkpt lat="14.225687980651855" lon="121.15343475341797"><time>2026-04-01T18:06:39.000Z</time></trkpt><trkpt lat="14.225667953491211" lon="121.15343475341797"><time>2026-04-01T18:06:40.000Z</time></trkpt><trkpt lat="14.225651741027832" lon="121.15343475341797"><time>2026-04-01T18:06:41.000Z</time></trkpt><trkpt lat="14.22563362121582" lon="121.15343475341797"><time>2026-04-01T18:06:42.000Z</time></trkpt><trkpt lat="14.225613594055176" lon="121.15343475341797"><time>2026-04-01T18:06:43.000Z</time></trkpt><trkpt lat="14.225595474243164" lon="121.15342712402344"><time>2026-04-01T18:06:44.000Z</time></trkpt><trkpt lat="14.225578308105469" lon="121.15342712402344"><time>2026-04-01T18:06:45.000Z</time></trkpt><trkpt lat="14.225566864013672" lon="121.15342712402344"><time>2026-04-01T18:06:46.000Z</time></trkpt><trkpt lat="14.225556373596191" lon="121.15342712402344"><time>2026-04-01T18:06:47.000Z</time></trkpt><trkpt lat="14.225540161132812" lon="121.15342712402344"><time>2026-04-01T18:06:48.000Z</time></trkpt><trkpt lat="14.225520133972168" lon="121.15342712402344"><time>2026-04-01T18:06:49.000Z</time></trkpt><trkpt lat="14.225502967834473" lon="121.15342712402344"><time>2026-04-01T18:06:50.000Z</time></trkpt><trkpt lat="14.225484848022461" lon="121.15342712402344"><time>2026-04-01T18:06:51.000Z</time></trkpt><trkpt lat="14.225469589233398" lon="121.15342712402344"><time>2026-04-01T18:06:52.000Z</time></trkpt><trkpt lat="14.225451469421387" lon="121.15342712402344"><time>2026-04-01T18:06:53.000Z</time></trkpt><trkpt lat="14.225433349609375" lon="121.1534194946289"><time>2026-04-01T18:06:54.000Z</time></trkpt><trkpt lat="14.225410461425781" lon="121.15341186523438"><time>2026-04-01T18:06:55.000Z</time></trkpt><trkpt lat="14.225386619567871" lon="121.15341186523438"><time>2026-04-01T18:06:56.000Z</time></trkpt><trkpt lat="14.225361824035645" lon="121.15340423583984"><time>2026-04-01T18:06:57.000Z</time></trkpt><trkpt lat="14.225341796875" lon="121.15340423583984"><time>2026-04-01T18:06:58.000Z</time></trkpt><trkpt lat="14.225324630737305" lon="121.15340423583984"><time>2026-04-01T18:06:59.000Z</time></trkpt><trkpt lat="14.225306510925293" lon="121.15340423583984"><time>2026-04-01T18:07:00.000Z</time></trkpt><trkpt lat="14.22529125213623" lon="121.15340423583984"><time>2026-04-01T18:07:01.000Z</time></trkpt><trkpt lat="14.225271224975586" lon="121.15339660644531"><time>2026-04-01T18:07:02.000Z</time></trkpt><trkpt lat="14.225245475769043" lon="121.15339660644531"><time>2026-04-01T18:07:03.000Z</time></trkpt><trkpt lat="14.225226402282715" lon="121.15339660644531"><time>2026-04-01T18:07:04.000Z</time></trkpt><trkpt lat="14.225201606750488" lon="121.15339660644531"><time>2026-04-01T18:07:05.000Z</time></trkpt><trkpt lat="14.225176811218262" lon="121.15339660644531"><time>2026-04-01T18:07:06.000Z</time></trkpt><trkpt lat="14.225152015686035" lon="121.15339660644531"><time>2026-04-01T18:07:07.000Z</time></trkpt><trkpt lat="14.225125312805176" lon="121.15338897705078"><time>2026-04-01T18:07:08.000Z</time></trkpt><trkpt lat="14.225099563598633" lon="121.15338134765625"><time>2026-04-01T18:07:09.000Z</time></trkpt><trkpt lat="14.225074768066406" lon="121.15338134765625"><time>2026-04-01T18:07:10.000Z</time></trkpt><trkpt lat="14.225058555603027" lon="121.15338134765625"><time>2026-04-01T18:07:11.000Z</time></trkpt><trkpt lat="14.225038528442383" lon="121.15337371826172"><time>2026-04-01T18:07:12.000Z</time></trkpt><trkpt lat="14.225021362304688" lon="121.15337371826172"><time>2026-04-01T18:07:13.000Z</time></trkpt><trkpt lat="14.225003242492676" lon="121.15337371826172"><time>2026-04-01T18:07:14.000Z</time></trkpt><trkpt lat="14.224983215332031" lon="121.15336608886719"><time>2026-04-01T18:07:15.000Z</time></trkpt><trkpt lat="14.22496509552002" lon="121.15336608886719"><time>2026-04-01T18:07:16.000Z</time></trkpt><trkpt lat="14.224947929382324" lon="121.15335845947266"><time>2026-04-01T18:07:17.000Z</time></trkpt><trkpt lat="14.224921226501465" lon="121.15335845947266"><time>2026-04-01T18:07:18.000Z</time></trkpt><trkpt lat="14.224898338317871" lon="121.15335083007812"><time>2026-04-01T18:07:19.000Z</time></trkpt><trkpt lat="14.224878311157227" lon="121.15335083007812"><time>2026-04-01T18:07:20.000Z</time></trkpt><trkpt lat="14.224860191345215" lon="121.15335083007812"><time>2026-04-01T18:07:21.000Z</time></trkpt><trkpt lat="14.22484016418457" lon="121.1533432006836"><time>2026-04-01T18:07:22.000Z</time></trkpt><trkpt lat="14.224822044372559" lon="121.1533432006836"><time>2026-04-01T18:07:23.000Z</time></trkpt><trkpt lat="14.224796295166016" lon="121.15333557128906"><time>2026-04-01T18:07:24.000Z</time></trkpt><trkpt lat="14.224773406982422" lon="121.15333557128906"><time>2026-04-01T18:07:25.000Z</time></trkpt><trkpt lat="14.224751472473145" lon="121.15332794189453"><time>2026-04-01T18:07:26.000Z</time></trkpt><trkpt lat="14.224738121032715" lon="121.15332794189453"><time>2026-04-01T18:07:27.000Z</time></trkpt><trkpt lat="14.224721908569336" lon="121.15332794189453"><time>2026-04-01T18:07:28.000Z</time></trkpt><trkpt lat="14.224701881408691" lon="121.15332794189453"><time>2026-04-01T18:07:29.000Z</time></trkpt><trkpt lat="14.22468376159668" lon="121.15332794189453"><time>2026-04-01T18:07:30.000Z</time></trkpt><trkpt lat="14.224664688110352" lon="121.15332794189453"><time>2026-04-01T18:07:31.000Z</time></trkpt><trkpt lat="14.22464656829834" lon="121.15332794189453"><time>2026-04-01T18:07:32.000Z</time></trkpt><trkpt lat="14.224628448486328" lon="121.15332794189453"><time>2026-04-01T18:07:33.000Z</time></trkpt><trkpt lat="14.224610328674316" lon="121.15332794189453"><time>2026-04-01T18:07:34.000Z</time></trkpt><trkpt lat="14.224597930908203" lon="121.15332794189453"><time>2026-04-01T18:07:35.000Z</time></trkpt><trkpt lat="14.224586486816406" lon="121.15332794189453"><time>2026-04-01T18:07:36.000Z</time></trkpt><trkpt lat="14.224568367004395" lon="121.15332794189453"><time>2026-04-01T18:07:37.000Z</time></trkpt><trkpt lat="14.22454833984375" lon="121.15332794189453"><time>2026-04-01T18:07:38.000Z</time></trkpt><trkpt lat="14.224526405334473" lon="121.1533203125"><time>2026-04-01T18:07:39.000Z</time></trkpt><trkpt lat="14.224506378173828" lon="121.1533203125"><time>2026-04-01T18:07:40.000Z</time></trkpt><trkpt lat="14.224488258361816" lon="121.15331268310547"><time>2026-04-01T18:07:41.000Z</time></trkpt><trkpt lat="14.224468231201172" lon="121.15331268310547"><time>2026-04-01T18:07:42.000Z</time></trkpt><trkpt lat="14.224446296691895" lon="121.15330505371094"><time>2026-04-01T18:07:43.000Z</time></trkpt><trkpt lat="14.224425315856934" lon="121.1532974243164"><time>2026-04-01T18:07:44.000Z</time></trkpt><trkpt lat="14.224396705627441" lon="121.1532974243164"><time>2026-04-01T18:07:45.000Z</time></trkpt><trkpt lat="14.224371910095215" lon="121.1532974243164"><time>2026-04-01T18:07:46.000Z</time></trkpt><trkpt lat="14.224343299865723" lon="121.15328979492188"><time>2026-04-01T18:07:47.000Z</time></trkpt><trkpt lat="14.224318504333496" lon="121.15328979492188"><time>2026-04-01T18:07:48.000Z</time></trkpt><trkpt lat="14.224291801452637" lon="121.15328979492188"><time>2026-04-01T18:07:49.000Z</time></trkpt><trkpt lat="14.22426700592041" lon="121.15328979492188"><time>2026-04-01T18:07:50.000Z</time></trkpt><trkpt lat="14.22424030303955" lon="121.15328979492188"><time>2026-04-01T18:07:51.000Z</time></trkpt><trkpt lat="14.224220275878906" lon="121.15328979492188"><time>2026-04-01T18:07:52.000Z</time></trkpt><trkpt lat="14.224196434020996" lon="121.15328979492188"><time>2026-04-01T18:07:53.000Z</time></trkpt><trkpt lat="14.224178314208984" lon="121.15328979492188"><time>2026-04-01T18:07:54.000Z</time></trkpt><trkpt lat="14.22416877746582" lon="121.15328216552734"><time>2026-04-01T18:07:55.000Z</time></trkpt><trkpt lat="14.224148750305176" lon="121.15328216552734"><time>2026-04-01T18:07:56.000Z</time></trkpt><trkpt lat="14.224122047424316" lon="121.15328216552734"><time>2026-04-01T18:07:57.000Z</time></trkpt><trkpt lat="14.224095344543457" lon="121.15328216552734"><time>2026-04-01T18:07:58.000Z</time></trkpt><trkpt lat="14.224078178405762" lon="121.15328216552734"><time>2026-04-01T18:07:59.000Z</time></trkpt><trkpt lat="14.224061965942383" lon="121.15328216552734"><time>2026-04-01T18:08:00.000Z</time></trkpt><trkpt lat="14.224048614501953" lon="121.15327453613281"><time>2026-04-01T18:08:01.000Z</time></trkpt><trkpt lat="14.224031448364258" lon="121.15327453613281"><time>2026-04-01T18:08:02.000Z</time></trkpt><trkpt lat="14.224015235900879" lon="121.15327453613281"><time>2026-04-01T18:08:03.000Z</time></trkpt><trkpt lat="14.223993301391602" lon="121.15327453613281"><time>2026-04-01T18:08:04.000Z</time></trkpt><trkpt lat="14.223977088928223" lon="121.15327453613281"><time>2026-04-01T18:08:05.000Z</time></trkpt><trkpt lat="14.223953247070312" lon="121.15327453613281"><time>2026-04-01T18:08:06.000Z</time></trkpt><trkpt lat="14.223926544189453" lon="121.15326690673828"><time>2026-04-01T18:08:07.000Z</time></trkpt><trkpt lat="14.223901748657227" lon="121.15325927734375"><time>2026-04-01T18:08:08.000Z</time></trkpt><trkpt lat="14.223875045776367" lon="121.15325927734375"><time>2026-04-01T18:08:09.000Z</time></trkpt><trkpt lat="14.223851203918457" lon="121.15325164794922"><time>2026-04-01T18:08:10.000Z</time></trkpt><trkpt lat="14.22382640838623" lon="121.15325164794922"><time>2026-04-01T18:08:11.000Z</time></trkpt><trkpt lat="14.22380542755127" lon="121.15325164794922"><time>2026-04-01T18:08:12.000Z</time></trkpt><trkpt lat="14.223786354064941" lon="121.15325164794922"><time>2026-04-01T18:08:13.000Z</time></trkpt><trkpt lat="14.22376537322998" lon="121.15325164794922"><time>2026-04-01T18:08:14.000Z</time></trkpt><trkpt lat="14.223745346069336" lon="121.15324401855469"><time>2026-04-01T18:08:15.000Z</time></trkpt><trkpt lat="14.223723411560059" lon="121.15323638916016"><time>2026-04-01T18:08:16.000Z</time></trkpt><trkpt lat="14.223701477050781" lon="121.15323638916016"><time>2026-04-01T18:08:17.000Z</time></trkpt><trkpt lat="14.22368335723877" lon="121.15323638916016"><time>2026-04-01T18:08:18.000Z</time></trkpt><trkpt lat="14.223671913146973" lon="121.15323638916016"><time>2026-04-01T18:08:19.000Z</time></trkpt><trkpt lat="14.223665237426758" lon="121.15322875976562"><time>2026-04-01T18:08:20.000Z</time></trkpt><trkpt lat="14.223654747009277" lon="121.1532211303711"><time>2026-04-01T18:08:21.000Z</time></trkpt><trkpt lat="14.223645210266113" lon="121.15321350097656"><time>2026-04-01T18:08:22.000Z</time></trkpt><trkpt lat="14.22362995147705" lon="121.15320587158203"><time>2026-04-01T18:08:23.000Z</time></trkpt><trkpt lat="14.223613739013672" lon="121.1531982421875"><time>2026-04-01T18:08:24.000Z</time></trkpt><trkpt lat="14.223596572875977" lon="121.15318298339844"><time>2026-04-01T18:08:25.000Z</time></trkpt><trkpt lat="14.223581314086914" lon="121.1531753540039"><time>2026-04-01T18:08:26.000Z</time></trkpt><trkpt lat="14.223563194274902" lon="121.15316009521484"><time>2026-04-01T18:08:27.000Z</time></trkpt><trkpt lat="14.223540306091309" lon="121.15314483642578"><time>2026-04-01T18:08:28.000Z</time></trkpt><trkpt lat="14.223518371582031" lon="121.15313720703125"><time>2026-04-01T18:08:29.000Z</time></trkpt><trkpt lat="14.223498344421387" lon="121.15312957763672"><time>2026-04-01T18:08:30.000Z</time></trkpt><trkpt lat="14.223480224609375" lon="121.15312194824219"><time>2026-04-01T18:08:31.000Z</time></trkpt><trkpt lat="14.223458290100098" lon="121.15311431884766"><time>2026-04-01T18:08:32.000Z</time></trkpt><trkpt lat="14.22343635559082" lon="121.1530990600586"><time>2026-04-01T18:08:33.000Z</time></trkpt><trkpt lat="14.223422050476074" lon="121.15309143066406"><time>2026-04-01T18:08:34.000Z</time></trkpt><trkpt lat="14.223400115966797" lon="121.15308380126953"><time>2026-04-01T18:08:35.000Z</time></trkpt><trkpt lat="14.223380088806152" lon="121.153076171875"><time>2026-04-01T18:08:36.000Z</time></trkpt><trkpt lat="14.223360061645508" lon="121.15306854248047"><time>2026-04-01T18:08:37.000Z</time></trkpt><trkpt lat="14.223344802856445" lon="121.1530532836914"><time>2026-04-01T18:08:38.000Z</time></trkpt><trkpt lat="14.223328590393066" lon="121.15304565429688"><time>2026-04-01T18:08:39.000Z</time></trkpt><trkpt lat="14.223311424255371" lon="121.15303802490234"><time>2026-04-01T18:08:40.000Z</time></trkpt><trkpt lat="14.223297119140625" lon="121.15303039550781"><time>2026-04-01T18:08:41.000Z</time></trkpt><trkpt lat="14.22327995300293" lon="121.15302276611328"><time>2026-04-01T18:08:42.000Z</time></trkpt><trkpt lat="14.223261833190918" lon="121.15302276611328"><time>2026-04-01T18:08:43.000Z</time></trkpt><trkpt lat="14.223243713378906" lon="121.15301513671875"><time>2026-04-01T18:08:44.000Z</time></trkpt><trkpt lat="14.223215103149414" lon="121.15299987792969"><time>2026-04-01T18:08:45.000Z</time></trkpt><trkpt lat="14.223193168640137" lon="121.15299224853516"><time>2026-04-01T18:08:46.000Z</time></trkpt><trkpt lat="14.223170280456543" lon="121.15298461914062"><time>2026-04-01T18:08:47.000Z</time></trkpt><trkpt lat="14.223153114318848" lon="121.15298461914062"><time>2026-04-01T18:08:48.000Z</time></trkpt><trkpt lat="14.223136901855469" lon="121.1529769897461"><time>2026-04-01T18:08:49.000Z</time></trkpt><trkpt lat="14.223119735717773" lon="121.15296936035156"><time>2026-04-01T18:08:50.000Z</time></trkpt><trkpt lat="14.223099708557129" lon="121.15296173095703"><time>2026-04-01T18:08:51.000Z</time></trkpt><trkpt lat="14.223078727722168" lon="121.1529541015625"><time>2026-04-01T18:08:52.000Z</time></trkpt><trkpt lat="14.223061561584473" lon="121.15293884277344"><time>2026-04-01T18:08:53.000Z</time></trkpt><trkpt lat="14.223045349121094" lon="121.1529312133789"><time>2026-04-01T18:08:54.000Z</time></trkpt><trkpt lat="14.223023414611816" lon="121.15292358398438"><time>2026-04-01T18:08:55.000Z</time></trkpt><trkpt lat="14.223005294799805" lon="121.15292358398438"><time>2026-04-01T18:08:56.000Z</time></trkpt><trkpt lat="14.222983360290527" lon="121.15291595458984"><time>2026-04-01T18:08:57.000Z</time></trkpt><trkpt lat="14.2229585647583" lon="121.15290832519531"><time>2026-04-01T18:08:58.000Z</time></trkpt><trkpt lat="14.222931861877441" lon="121.15290832519531"><time>2026-04-01T18:08:59.000Z</time></trkpt><trkpt lat="14.222909927368164" lon="121.15290069580078"><time>2026-04-01T18:09:00.000Z</time></trkpt><trkpt lat="14.222891807556152" lon="121.15290069580078"><time>2026-04-01T18:09:01.000Z</time></trkpt><trkpt lat="14.22287368774414" lon="121.15289306640625"><time>2026-04-01T18:09:02.000Z</time></trkpt><trkpt lat="14.222853660583496" lon="121.15289306640625"><time>2026-04-01T18:09:03.000Z</time></trkpt><trkpt lat="14.222827911376953" lon="121.15288543701172"><time>2026-04-01T18:09:04.000Z</time></trkpt><trkpt lat="14.222807884216309" lon="121.15288543701172"><time>2026-04-01T18:09:05.000Z</time></trkpt><trkpt lat="14.222786903381348" lon="121.15288543701172"><time>2026-04-01T18:09:06.000Z</time></trkpt><trkpt lat="14.222763061523438" lon="121.15288543701172"><time>2026-04-01T18:09:07.000Z</time></trkpt><trkpt lat="14.222738265991211" lon="121.15288543701172"><time>2026-04-01T18:09:08.000Z</time></trkpt><trkpt lat="14.222716331481934" lon="121.15288543701172"><time>2026-04-01T18:09:09.000Z</time></trkpt><trkpt lat="14.22269344329834" lon="121.15288543701172"><time>2026-04-01T18:09:10.000Z</time></trkpt><trkpt lat="14.222671508789062" lon="121.15288543701172"><time>2026-04-01T18:09:11.000Z</time></trkpt><trkpt lat="14.222649574279785" lon="121.15289306640625"><time>2026-04-01T18:09:12.000Z</time></trkpt><trkpt lat="14.222628593444824" lon="121.15289306640625"><time>2026-04-01T18:09:13.000Z</time></trkpt><trkpt lat="14.222606658935547" lon="121.15290069580078"><time>2026-04-01T18:09:14.000Z</time></trkpt><trkpt lat="14.222579956054688" lon="121.15290069580078"><time>2026-04-01T18:09:15.000Z</time></trkpt><trkpt lat="14.222557067871094" lon="121.15290832519531"><time>2026-04-01T18:09:16.000Z</time></trkpt><trkpt lat="14.222537994384766" lon="121.15290832519531"><time>2026-04-01T18:09:17.000Z</time></trkpt><trkpt lat="14.222524642944336" lon="121.15291595458984"><time>2026-04-01T18:09:18.000Z</time></trkpt><trkpt lat="14.222511291503906" lon="121.15291595458984"><time>2026-04-01T18:09:19.000Z</time></trkpt><trkpt lat="14.222497940063477" lon="121.15292358398438"><time>2026-04-01T18:09:20.000Z</time></trkpt><trkpt lat="14.222484588623047" lon="121.15292358398438"><time>2026-04-01T18:09:21.000Z</time></trkpt><trkpt lat="14.222471237182617" lon="121.15292358398438"><time>2026-04-01T18:09:22.000Z</time></trkpt><trkpt lat="14.222461700439453" lon="121.15292358398438"><time>2026-04-01T18:09:23.000Z</time></trkpt><trkpt lat="14.222437858581543" lon="121.1529312133789"><time>2026-04-01T18:09:24.000Z</time></trkpt><trkpt lat="14.222416877746582" lon="121.15293884277344"><time>2026-04-01T18:09:25.000Z</time></trkpt><trkpt lat="14.222393035888672" lon="121.15293884277344"><time>2026-04-01T18:09:26.000Z</time></trkpt><trkpt lat="14.222370147705078" lon="121.15294647216797"><time>2026-04-01T18:09:27.000Z</time></trkpt><trkpt lat="14.222350120544434" lon="121.15294647216797"><time>2026-04-01T18:09:28.000Z</time></trkpt><trkpt lat="14.222330093383789" lon="121.1529541015625"><time>2026-04-01T18:09:29.000Z</time></trkpt><trkpt lat="14.222306251525879" lon="121.1529541015625"><time>2026-04-01T18:09:30.000Z</time></trkpt><trkpt lat="14.222285270690918" lon="121.15296173095703"><time>2026-04-01T18:09:31.000Z</time></trkpt><trkpt lat="14.222261428833008" lon="121.15296936035156"><time>2026-04-01T18:09:32.000Z</time></trkpt><trkpt lat="14.222238540649414" lon="121.15296936035156"><time>2026-04-01T18:09:33.000Z</time></trkpt><trkpt lat="14.222216606140137" lon="121.1529769897461"><time>2026-04-01T18:09:34.000Z</time></trkpt><trkpt lat="14.222196578979492" lon="121.1529769897461"><time>2026-04-01T18:09:35.000Z</time></trkpt><trkpt lat="14.222174644470215" lon="121.15298461914062"><time>2026-04-01T18:09:36.000Z</time></trkpt><trkpt lat="14.222151756286621" lon="121.15298461914062"><time>2026-04-01T18:09:37.000Z</time></trkpt><trkpt lat="14.22213363647461" lon="121.15298461914062"><time>2026-04-01T18:09:38.000Z</time></trkpt><trkpt lat="14.222116470336914" lon="121.15299224853516"><time>2026-04-01T18:09:39.000Z</time></trkpt><trkpt lat="14.22209358215332" lon="121.15299224853516"><time>2026-04-01T18:09:40.000Z</time></trkpt><trkpt lat="14.222078323364258" lon="121.15299224853516"><time>2026-04-01T18:09:41.000Z</time></trkpt><trkpt lat="14.222060203552246" lon="121.15299987792969"><time>2026-04-01T18:09:42.000Z</time></trkpt><trkpt lat="14.222042083740234" lon="121.15299987792969"><time>2026-04-01T18:09:43.000Z</time></trkpt><trkpt lat="14.222015380859375" lon="121.15300750732422"><time>2026-04-01T18:09:44.000Z</time></trkpt><trkpt lat="14.221991539001465" lon="121.15300750732422"><time>2026-04-01T18:09:45.000Z</time></trkpt><trkpt lat="14.221973419189453" lon="121.15301513671875"><time>2026-04-01T18:09:46.000Z</time></trkpt><trkpt lat="14.221953392028809" lon="121.15301513671875"><time>2026-04-01T18:09:47.000Z</time></trkpt><trkpt lat="14.221931457519531" lon="121.15301513671875"><time>2026-04-01T18:09:48.000Z</time></trkpt><trkpt lat="14.221908569335938" lon="121.15302276611328"><time>2026-04-01T18:09:49.000Z</time></trkpt><trkpt lat="14.22188663482666" lon="121.15303039550781"><time>2026-04-01T18:09:50.000Z</time></trkpt><trkpt lat="14.221864700317383" lon="121.15303039550781"><time>2026-04-01T18:09:51.000Z</time></trkpt><trkpt lat="14.221844673156738" lon="121.15303802490234"><time>2026-04-01T18:09:52.000Z</time></trkpt><trkpt lat="14.221823692321777" lon="121.15304565429688"><time>2026-04-01T18:09:53.000Z</time></trkpt><trkpt lat="14.221803665161133" lon="121.1530532836914"><time>2026-04-01T18:09:54.000Z</time></trkpt><trkpt lat="14.221784591674805" lon="121.1530532836914"><time>2026-04-01T18:09:55.000Z</time></trkpt><trkpt lat="14.221770286560059" lon="121.15306854248047"><time>2026-04-01T18:09:56.000Z</time></trkpt><trkpt lat="14.22175121307373" lon="121.153076171875"><time>2026-04-01T18:09:57.000Z</time></trkpt><trkpt lat="14.221733093261719" lon="121.15308380126953"><time>2026-04-01T18:09:58.000Z</time></trkpt><trkpt lat="14.221718788146973" lon="121.15309143066406"><time>2026-04-01T18:09:59.000Z</time></trkpt><trkpt lat="14.221705436706543" lon="121.15310668945312"><time>2026-04-01T18:10:00.000Z</time></trkpt><trkpt lat="14.221692085266113" lon="121.15311431884766"><time>2026-04-01T18:10:01.000Z</time></trkpt><trkpt lat="14.221678733825684" lon="121.15312194824219"><time>2026-04-01T18:10:02.000Z</time></trkpt><trkpt lat="14.22166633605957" lon="121.15313720703125"><time>2026-04-01T18:10:03.000Z</time></trkpt><trkpt lat="14.221656799316406" lon="121.15315246582031"><time>2026-04-01T18:10:04.000Z</time></trkpt><trkpt lat="14.221650123596191" lon="121.1531753540039"><time>2026-04-01T18:10:05.000Z</time></trkpt><trkpt lat="14.221650123596191" lon="121.15318298339844"><time>2026-04-01T18:10:06.000Z</time></trkpt><trkpt lat="14.22164535522461" lon="121.1531982421875"><time>2026-04-01T18:10:07.000Z</time></trkpt><trkpt lat="14.221639633178711" lon="121.1532211303711"><time>2026-04-01T18:10:08.000Z</time></trkpt><trkpt lat="14.221632957458496" lon="121.15323638916016"><time>2026-04-01T18:10:09.000Z</time></trkpt><trkpt lat="14.221626281738281" lon="121.15325164794922"><time>2026-04-01T18:10:10.000Z</time></trkpt><trkpt lat="14.221623420715332" lon="121.15326690673828"><time>2026-04-01T18:10:11.000Z</time></trkpt><trkpt lat="14.221619606018066" lon="121.15328979492188"><time>2026-04-01T18:10:12.000Z</time></trkpt><trkpt lat="14.221611976623535" lon="121.15330505371094"><time>2026-04-01T18:10:13.000Z</time></trkpt><trkpt lat="14.221606254577637" lon="121.15332794189453"><time>2026-04-01T18:10:14.000Z</time></trkpt><trkpt lat="14.221601486206055" lon="121.1533432006836"><time>2026-04-01T18:10:15.000Z</time></trkpt><trkpt lat="14.22159481048584" lon="121.15336608886719"><time>2026-04-01T18:10:16.000Z</time></trkpt><trkpt lat="14.221586227416992" lon="121.15338134765625"><time>2026-04-01T18:10:17.000Z</time></trkpt><trkpt lat="14.22158145904541" lon="121.15339660644531"><time>2026-04-01T18:10:18.000Z</time></trkpt><trkpt lat="14.221576690673828" lon="121.15341186523438"><time>2026-04-01T18:10:19.000Z</time></trkpt><trkpt lat="14.221570014953613" lon="121.15342712402344"><time>2026-04-01T18:10:20.000Z</time></trkpt><trkpt lat="14.221563339233398" lon="121.15345001220703"><time>2026-04-01T18:10:21.000Z</time></trkpt><trkpt lat="14.221559524536133" lon="121.1534652709961"><time>2026-04-01T18:10:22.000Z</time></trkpt><trkpt lat="14.221553802490234" lon="121.15347290039062"><time>2026-04-01T18:10:23.000Z</time></trkpt><trkpt lat="14.221548080444336" lon="121.15348815917969"><time>2026-04-01T18:10:24.000Z</time></trkpt><trkpt lat="14.22154712677002" lon="121.15351104736328"><time>2026-04-01T18:10:25.000Z</time></trkpt><trkpt lat="14.221543312072754" lon="121.15352630615234"><time>2026-04-01T18:10:26.000Z</time></trkpt><trkpt lat="14.221538543701172" lon="121.1535415649414"><time>2026-04-01T18:10:27.000Z</time></trkpt><trkpt lat="14.221531867980957" lon="121.15355682373047"><time>2026-04-01T18:10:28.000Z</time></trkpt><trkpt lat="14.221528053283691" lon="121.15357208251953"><time>2026-04-01T18:10:29.000Z</time></trkpt><trkpt lat="14.221525192260742" lon="121.15359497070312"><time>2026-04-01T18:10:30.000Z</time></trkpt><trkpt lat="14.221521377563477" lon="121.15361785888672"><time>2026-04-01T18:10:31.000Z</time></trkpt><trkpt lat="14.221518516540527" lon="121.15363311767578"><time>2026-04-01T18:10:32.000Z</time></trkpt><trkpt lat="14.22152328491211" lon="121.1536865234375"><time>2026-04-01T18:10:33.000Z</time></trkpt><trkpt lat="14.221525192260742" lon="121.1537094116211"><time>2026-04-01T18:10:34.000Z</time></trkpt><trkpt lat="14.221528053283691" lon="121.15373992919922"><time>2026-04-01T18:10:35.000Z</time></trkpt><trkpt lat="14.221538543701172" lon="121.15377044677734"><time>2026-04-01T18:10:36.000Z</time></trkpt><trkpt lat="14.221543312072754" lon="121.15379333496094"><time>2026-04-01T18:10:37.000Z</time></trkpt><trkpt lat="14.221551895141602" lon="121.15382385253906"><time>2026-04-01T18:10:38.000Z</time></trkpt><trkpt lat="14.221559524536133" lon="121.15384674072266"><time>2026-04-01T18:10:39.000Z</time></trkpt><trkpt lat="14.221566200256348" lon="121.15386962890625"><time>2026-04-01T18:10:40.000Z</time></trkpt><trkpt lat="14.221570014953613" lon="121.15388488769531"><time>2026-04-01T18:10:41.000Z</time></trkpt><trkpt lat="14.221574783325195" lon="121.1539077758789"><time>2026-04-01T18:10:42.000Z</time></trkpt><trkpt lat="14.221583366394043" lon="121.15392303466797"><time>2026-04-01T18:10:43.000Z</time></trkpt><trkpt lat="14.221588134765625" lon="121.15394592285156"><time>2026-04-01T18:10:44.000Z</time></trkpt><trkpt lat="14.221592903137207" lon="121.15396881103516"><time>2026-04-01T18:10:45.000Z</time></trkpt><trkpt lat="14.221599578857422" lon="121.15399169921875"><time>2026-04-01T18:10:46.000Z</time></trkpt><trkpt lat="14.221606254577637" lon="121.15401458740234"><time>2026-04-01T18:10:47.000Z</time></trkpt><trkpt lat="14.221611976623535" lon="121.15404510498047"><time>2026-04-01T18:10:48.000Z</time></trkpt><trkpt lat="14.2216215133667" lon="121.15406799316406"><time>2026-04-01T18:10:49.000Z</time></trkpt><trkpt lat="14.221630096435547" lon="121.15409088134766"><time>2026-04-01T18:10:50.000Z</time></trkpt><trkpt lat="14.221632957458496" lon="121.15411376953125"><time>2026-04-01T18:10:51.000Z</time></trkpt><trkpt lat="14.221636772155762" lon="121.15412139892578"><time>2026-04-01T18:10:52.000Z</time></trkpt><trkpt lat="14.221641540527344" lon="121.15413665771484"><time>2026-04-01T18:10:53.000Z</time></trkpt><trkpt lat="14.221652030944824" lon="121.15415954589844"><time>2026-04-01T18:10:54.000Z</time></trkpt><trkpt lat="14.221659660339355" lon="121.15418243408203"><time>2026-04-01T18:10:55.000Z</time></trkpt><trkpt lat="14.22166633605957" lon="121.15420532226562"><time>2026-04-01T18:10:56.000Z</time></trkpt><trkpt lat="14.221674919128418" lon="121.15422058105469"><time>2026-04-01T18:10:57.000Z</time></trkpt><trkpt lat="14.2216796875" lon="121.15424346923828"><time>2026-04-01T18:10:58.000Z</time></trkpt><trkpt lat="14.221686363220215" lon="121.15426635742188"><time>2026-04-01T18:10:59.000Z</time></trkpt><trkpt lat="14.22169017791748" lon="121.154296875"><time>2026-04-01T18:11:00.000Z</time></trkpt><trkpt lat="14.22169303894043" lon="121.1543197631836"><time>2026-04-01T18:11:01.000Z</time></trkpt><trkpt lat="14.221696853637695" lon="121.15433502197266"><time>2026-04-01T18:11:02.000Z</time></trkpt><trkpt lat="14.221699714660645" lon="121.15435028076172"><time>2026-04-01T18:11:03.000Z</time></trkpt><trkpt lat="14.221705436706543" lon="121.15437316894531"><time>2026-04-01T18:11:04.000Z</time></trkpt><trkpt lat="14.221710205078125" lon="121.15438842773438"><time>2026-04-01T18:11:05.000Z</time></trkpt><trkpt lat="14.221713066101074" lon="121.15441131591797"><time>2026-04-01T18:11:06.000Z</time></trkpt><trkpt lat="14.221718788146973" lon="121.15442657470703"><time>2026-04-01T18:11:07.000Z</time></trkpt><trkpt lat="14.221723556518555" lon="121.15444946289062"><time>2026-04-01T18:11:08.000Z</time></trkpt><trkpt lat="14.221726417541504" lon="121.15447235107422"><time>2026-04-01T18:11:09.000Z</time></trkpt><trkpt lat="14.221733093261719" lon="121.15449523925781"><time>2026-04-01T18:11:10.000Z</time></trkpt><trkpt lat="14.221739768981934" lon="121.15451049804688"><time>2026-04-01T18:11:11.000Z</time></trkpt><trkpt lat="14.221744537353516" lon="121.1545181274414"><time>2026-04-01T18:11:12.000Z</time></trkpt><trkpt lat="14.221753120422363" lon="121.154541015625"><time>2026-04-01T18:11:13.000Z</time></trkpt><trkpt lat="14.221757888793945" lon="121.1545639038086"><time>2026-04-01T18:11:14.000Z</time></trkpt><trkpt lat="14.22176456451416" lon="121.15458679199219"><time>2026-04-01T18:11:15.000Z</time></trkpt><trkpt lat="14.221766471862793" lon="121.15460205078125"><time>2026-04-01T18:11:16.000Z</time></trkpt><trkpt lat="14.22177505493164" lon="121.15461730957031"><time>2026-04-01T18:11:17.000Z</time></trkpt><trkpt lat="14.221781730651855" lon="121.1546401977539"><time>2026-04-01T18:11:18.000Z</time></trkpt><trkpt lat="14.22178840637207" lon="121.15465545654297"><time>2026-04-01T18:11:19.000Z</time></trkpt><trkpt lat="14.221796989440918" lon="121.15467834472656"><time>2026-04-01T18:11:20.000Z</time></trkpt><trkpt lat="14.2218017578125" lon="121.15470123291016"><time>2026-04-01T18:11:21.000Z</time></trkpt><trkpt lat="14.221810340881348" lon="121.15471649169922"><time>2026-04-01T18:11:22.000Z</time></trkpt><trkpt lat="14.221817016601562" lon="121.15473937988281"><time>2026-04-01T18:11:23.000Z</time></trkpt><trkpt lat="14.221823692321777" lon="121.1547622680664"><time>2026-04-01T18:11:24.000Z</time></trkpt><trkpt lat="14.22182846069336" lon="121.15477752685547"><time>2026-04-01T18:11:25.000Z</time></trkpt><trkpt lat="14.221833229064941" lon="121.15480041503906"><time>2026-04-01T18:11:26.000Z</time></trkpt><trkpt lat="14.221841812133789" lon="121.15481567382812"><time>2026-04-01T18:11:27.000Z</time></trkpt><trkpt lat="14.221848487854004" lon="121.15483856201172"><time>2026-04-01T18:11:28.000Z</time></trkpt><trkpt lat="14.221857070922852" lon="121.15485382080078"><time>2026-04-01T18:11:29.000Z</time></trkpt><trkpt lat="14.221864700317383" lon="121.15487670898438"><time>2026-04-01T18:11:30.000Z</time></trkpt><trkpt lat="14.221871376037598" lon="121.15489196777344"><time>2026-04-01T18:11:31.000Z</time></trkpt><trkpt lat="14.221878051757812" lon="121.15491485595703"><time>2026-04-01T18:11:32.000Z</time></trkpt><trkpt lat="14.221883773803711" lon="121.15493774414062"><time>2026-04-01T18:11:33.000Z</time></trkpt><trkpt lat="14.221884727478027" lon="121.15494537353516"><time>2026-04-01T18:11:34.000Z</time></trkpt><trkpt lat="14.221890449523926" lon="121.15496826171875"><time>2026-04-01T18:11:35.000Z</time></trkpt><trkpt lat="14.221895217895508" lon="121.15498352050781"><time>2026-04-01T18:11:36.000Z</time></trkpt><trkpt lat="14.22189998626709" lon="121.1550064086914"><time>2026-04-01T18:11:37.000Z</time></trkpt><trkpt lat="14.221906661987305" lon="121.155029296875"><time>2026-04-01T18:11:38.000Z</time></trkpt><trkpt lat="14.221915245056152" lon="121.15505981445312"><time>2026-04-01T18:11:39.000Z</time></trkpt><trkpt lat="14.221921920776367" lon="121.15507507324219"><time>2026-04-01T18:11:40.000Z</time></trkpt><trkpt lat="14.22192668914795" lon="121.15509033203125"><time>2026-04-01T18:11:41.000Z</time></trkpt><trkpt lat="14.221935272216797" lon="121.15509796142578"><time>2026-04-01T18:11:42.000Z</time></trkpt><trkpt lat="14.221941947937012" lon="121.15511322021484"><time>2026-04-01T18:11:43.000Z</time></trkpt><trkpt lat="14.221948623657227" lon="121.15513610839844"><time>2026-04-01T18:11:44.000Z</time></trkpt><trkpt lat="14.221953392028809" lon="121.15515899658203"><time>2026-04-01T18:11:45.000Z</time></trkpt><trkpt lat="14.221956253051758" lon="121.1551742553711"><time>2026-04-01T18:11:46.000Z</time></trkpt><trkpt lat="14.221964836120605" lon="121.15519714355469"><time>2026-04-01T18:11:47.000Z</time></trkpt><trkpt lat="14.221973419189453" lon="121.15522003173828"><time>2026-04-01T18:11:48.000Z</time></trkpt><trkpt lat="14.221976280212402" lon="121.1552505493164"><time>2026-04-01T18:11:49.000Z</time></trkpt><trkpt lat="14.22198486328125" lon="121.15526580810547"><time>2026-04-01T18:11:50.000Z</time></trkpt><trkpt lat="14.221989631652832" lon="121.15528869628906"><time>2026-04-01T18:11:51.000Z</time></trkpt><trkpt lat="14.222000122070312" lon="121.15531921386719"><time>2026-04-01T18:11:52.000Z</time></trkpt><trkpt lat="14.222006797790527" lon="121.15534210205078"><time>2026-04-01T18:11:53.000Z</time></trkpt><trkpt lat="14.222013473510742" lon="121.15536499023438"><time>2026-04-01T18:11:54.000Z</time></trkpt><trkpt lat="14.222018241882324" lon="121.15538787841797"><time>2026-04-01T18:11:55.000Z</time></trkpt><trkpt lat="14.222024917602539" lon="121.15541076660156"><time>2026-04-01T18:11:56.000Z</time></trkpt><trkpt lat="14.222029685974121" lon="121.15542602539062"><time>2026-04-01T18:11:57.000Z</time></trkpt><trkpt lat="14.222036361694336" lon="121.15544128417969"><time>2026-04-01T18:11:58.000Z</time></trkpt><trkpt lat="14.222044944763184" lon="121.15546417236328"><time>2026-04-01T18:11:59.000Z</time></trkpt><trkpt lat="14.222053527832031" lon="121.15547943115234"><time>2026-04-01T18:12:00.000Z</time></trkpt><trkpt lat="14.222060203552246" lon="121.1554946899414"><time>2026-04-01T18:12:01.000Z</time></trkpt><trkpt lat="14.222062110900879" lon="121.155517578125"><time>2026-04-01T18:12:02.000Z</time></trkpt><trkpt lat="14.222064971923828" lon="121.1555404663086"><time>2026-04-01T18:12:03.000Z</time></trkpt><trkpt lat="14.222075462341309" lon="121.15555572509766"><time>2026-04-01T18:12:04.000Z</time></trkpt><trkpt lat="14.222082138061523" lon="121.15557861328125"><time>2026-04-01T18:12:05.000Z</time></trkpt><trkpt lat="14.222086906433105" lon="121.15559387207031"><time>2026-04-01T18:12:06.000Z</time></trkpt><trkpt lat="14.222091674804688" lon="121.1556167602539"><time>2026-04-01T18:12:07.000Z</time></trkpt><trkpt lat="14.22209358215332" lon="121.1556396484375"><time>2026-04-01T18:12:08.000Z</time></trkpt><trkpt lat="14.222098350524902" lon="121.15565490722656"><time>2026-04-01T18:12:09.000Z</time></trkpt><trkpt lat="14.222103118896484" lon="121.15567016601562"><time>2026-04-01T18:12:10.000Z</time></trkpt><trkpt lat="14.222105026245117" lon="121.15569305419922"><time>2026-04-01T18:12:11.000Z</time></trkpt><trkpt lat="14.22210693359375" lon="121.15570831298828"><time>2026-04-01T18:12:12.000Z</time></trkpt><trkpt lat="14.22210693359375" lon="121.15571594238281"><time>2026-04-01T18:12:13.000Z</time></trkpt><trkpt lat="14.2221097946167" lon="121.15572357177734"><time>2026-04-01T18:12:14.000Z</time></trkpt><trkpt lat="14.222114562988281" lon="121.15573120117188"><time>2026-04-01T18:12:15.000Z</time></trkpt><trkpt lat="14.222123146057129" lon="121.1557388305664"><time>2026-04-01T18:12:16.000Z</time></trkpt><trkpt lat="14.222126960754395" lon="121.15574645996094"><time>2026-04-01T18:12:17.000Z</time></trkpt><trkpt lat="14.222121238708496" lon="121.15575408935547"><time>2026-04-01T18:12:18.000Z</time></trkpt><trkpt lat="14.222123146057129" lon="121.15576934814453"><time>2026-04-01T18:12:19.000Z</time></trkpt><trkpt lat="14.222125053405762" lon="121.1557846069336"><time>2026-04-01T18:12:20.000Z</time></trkpt><trkpt lat="14.222125053405762" lon="121.15579986572266"><time>2026-04-01T18:12:21.000Z</time></trkpt><trkpt lat="14.222129821777344" lon="121.15582275390625"><time>2026-04-01T18:12:22.000Z</time></trkpt><trkpt lat="14.222131729125977" lon="121.15583801269531"><time>2026-04-01T18:12:23.000Z</time></trkpt><trkpt lat="14.22213363647461" lon="121.1558609008789"><time>2026-04-01T18:12:24.000Z</time></trkpt><trkpt lat="14.222143173217773" lon="121.15589141845703"><time>2026-04-01T18:12:25.000Z</time></trkpt><trkpt lat="14.222149848937988" lon="121.15591430664062"><time>2026-04-01T18:12:26.000Z</time></trkpt><trkpt lat="14.22215461730957" lon="121.15593719482422"><time>2026-04-01T18:12:27.000Z</time></trkpt><trkpt lat="14.222160339355469" lon="121.15596771240234"><time>2026-04-01T18:12:28.000Z</time></trkpt><trkpt lat="14.222167015075684" lon="121.1559829711914"><time>2026-04-01T18:12:29.000Z</time></trkpt><trkpt lat="14.222173690795898" lon="121.15599822998047"><time>2026-04-01T18:12:30.000Z</time></trkpt><trkpt lat="14.22218132019043" lon="121.15602111816406"><time>2026-04-01T18:12:31.000Z</time></trkpt><trkpt lat="14.222187995910645" lon="121.15603637695312"><time>2026-04-01T18:12:32.000Z</time></trkpt><trkpt lat="14.222200393676758" lon="121.15604400634766"><time>2026-04-01T18:12:33.000Z</time></trkpt><trkpt lat="14.222213745117188" lon="121.15606689453125"><time>2026-04-01T18:12:34.000Z</time></trkpt><trkpt lat="14.222227096557617" lon="121.15608978271484"><time>2026-04-01T18:12:35.000Z</time></trkpt><trkpt lat="14.222233772277832" lon="121.15611267089844"><time>2026-04-01T18:12:36.000Z</time></trkpt><trkpt lat="14.222236633300781" lon="121.1561279296875"><time>2026-04-01T18:12:37.000Z</time></trkpt><trkpt lat="14.222245216369629" lon="121.1561508178711"><time>2026-04-01T18:12:38.000Z</time></trkpt><trkpt lat="14.222254753112793" lon="121.15617370605469"><time>2026-04-01T18:12:39.000Z</time></trkpt><trkpt lat="14.222261428833008" lon="121.15618896484375"><time>2026-04-01T18:12:40.000Z</time></trkpt><trkpt lat="14.222274780273438" lon="121.15620422363281"><time>2026-04-01T18:12:41.000Z</time></trkpt><trkpt lat="14.222283363342285" lon="121.1562271118164"><time>2026-04-01T18:12:42.000Z</time></trkpt><trkpt lat="14.2222900390625" lon="121.15624237060547"><time>2026-04-01T18:12:43.000Z</time></trkpt><trkpt lat="14.222291946411133" lon="121.15626525878906"><time>2026-04-01T18:12:44.000Z</time></trkpt><trkpt lat="14.222298622131348" lon="121.15628814697266"><time>2026-04-01T18:12:45.000Z</time></trkpt><trkpt lat="14.222308158874512" lon="121.15631103515625"><time>2026-04-01T18:12:46.000Z</time></trkpt><trkpt lat="14.22231674194336" lon="121.15633392333984"><time>2026-04-01T18:12:47.000Z</time></trkpt><trkpt lat="14.222318649291992" lon="121.15635681152344"><time>2026-04-01T18:12:48.000Z</time></trkpt><trkpt lat="14.222321510314941" lon="121.1563720703125"><time>2026-04-01T18:12:49.000Z</time></trkpt><trkpt lat="14.222325325012207" lon="121.15638732910156"><time>2026-04-01T18:12:50.000Z</time></trkpt><trkpt lat="14.222332954406738" lon="121.15640258789062"><time>2026-04-01T18:12:51.000Z</time></trkpt><trkpt lat="14.222339630126953" lon="121.15641784667969"><time>2026-04-01T18:12:52.000Z</time></trkpt><trkpt lat="14.222345352172852" lon="121.15643310546875"><time>2026-04-01T18:12:53.000Z</time></trkpt><trkpt lat="14.222350120544434" lon="121.15644073486328"><time>2026-04-01T18:12:54.000Z</time></trkpt><trkpt lat="14.22236156463623" lon="121.15645599365234"><time>2026-04-01T18:12:55.000Z</time></trkpt><trkpt lat="14.222368240356445" lon="121.15646362304688"><time>2026-04-01T18:12:56.000Z</time></trkpt><trkpt lat="14.222378730773926" lon="121.156494140625"><time>2026-04-01T18:12:57.000Z</time></trkpt><trkpt lat="14.222392082214355" lon="121.1565170288086"><time>2026-04-01T18:12:58.000Z</time></trkpt><trkpt lat="14.22240161895752" lon="121.15654754638672"><time>2026-04-01T18:12:59.000Z</time></trkpt><trkpt lat="14.222410202026367" lon="121.15658569335938"><time>2026-04-01T18:13:00.000Z</time></trkpt><trkpt lat="14.222416877746582" lon="121.1566162109375"><time>2026-04-01T18:13:01.000Z</time></trkpt><trkpt lat="14.222419738769531" lon="121.1566390991211"><time>2026-04-01T18:13:02.000Z</time></trkpt><trkpt lat="14.222418785095215" lon="121.15664672851562"><time>2026-04-01T18:13:03.000Z</time></trkpt><trkpt lat="14.222419738769531" lon="121.15666198730469"><time>2026-04-01T18:13:04.000Z</time></trkpt><trkpt lat="14.222423553466797" lon="121.15668487548828"><time>2026-04-01T18:13:05.000Z</time></trkpt><trkpt lat="14.222423553466797" lon="121.15669250488281"><time>2026-04-01T18:13:06.000Z</time></trkpt><trkpt lat="14.222428321838379" lon="121.15670776367188"><time>2026-04-01T18:13:07.000Z</time></trkpt><trkpt lat="14.222439765930176" lon="121.15673065185547"><time>2026-04-01T18:13:08.000Z</time></trkpt><trkpt lat="14.222443580627441" lon="121.15674591064453"><time>2026-04-01T18:13:09.000Z</time></trkpt><trkpt lat="14.222450256347656" lon="121.1567611694336"><time>2026-04-01T18:13:10.000Z</time></trkpt><trkpt lat="14.2224702835083" lon="121.15679168701172"><time>2026-04-01T18:13:11.000Z</time></trkpt><trkpt lat="14.22248363494873" lon="121.15681457519531"><time>2026-04-01T18:13:12.000Z</time></trkpt><trkpt lat="14.22249984741211" lon="121.15686798095703"><time>2026-04-01T18:13:13.000Z</time></trkpt><trkpt lat="14.222506523132324" lon="121.1568832397461"><time>2026-04-01T18:13:14.000Z</time></trkpt><trkpt lat="14.22251033782959" lon="121.15689849853516"><time>2026-04-01T18:13:15.000Z</time></trkpt><trkpt lat="14.222517013549805" lon="121.15691375732422"><time>2026-04-01T18:13:16.000Z</time></trkpt><trkpt lat="14.222524642944336" lon="121.15692901611328"><time>2026-04-01T18:13:17.000Z</time></trkpt><trkpt lat="14.22253131866455" lon="121.1569595336914"><time>2026-04-01T18:13:18.000Z</time></trkpt><trkpt lat="14.222539901733398" lon="121.15699005126953"><time>2026-04-01T18:13:19.000Z</time></trkpt><trkpt lat="14.222550392150879" lon="121.15701293945312"><time>2026-04-01T18:13:20.000Z</time></trkpt><trkpt lat="14.22255802154541" lon="121.15704345703125"><time>2026-04-01T18:13:21.000Z</time></trkpt><trkpt lat="14.222563743591309" lon="121.15707397460938"><time>2026-04-01T18:13:22.000Z</time></trkpt><trkpt lat="14.222570419311523" lon="121.15709686279297"><time>2026-04-01T18:13:23.000Z</time></trkpt><trkpt lat="14.222575187683105" lon="121.15711212158203"><time>2026-04-01T18:13:24.000Z</time></trkpt><trkpt lat="14.222575187683105" lon="121.15711975097656"><time>2026-04-01T18:13:25.000Z</time></trkpt><trkpt lat="14.222577095031738" lon="121.15713500976562"><time>2026-04-01T18:13:26.000Z</time></trkpt><trkpt lat="14.22258186340332" lon="121.15715789794922"><time>2026-04-01T18:13:27.000Z</time></trkpt><trkpt lat="14.22258472442627" lon="121.15718078613281"><time>2026-04-01T18:13:28.000Z</time></trkpt><trkpt lat="14.222593307495117" lon="121.15721130371094"><time>2026-04-01T18:13:29.000Z</time></trkpt><trkpt lat="14.222597122192383" lon="121.15723419189453"><time>2026-04-01T18:13:30.000Z</time></trkpt><trkpt lat="14.222604751586914" lon="121.15726470947266"><time>2026-04-01T18:13:31.000Z</time></trkpt><trkpt lat="14.222615242004395" lon="121.15729522705078"><time>2026-04-01T18:13:32.000Z</time></trkpt><trkpt lat="14.222620010375977" lon="121.1573257446289"><time>2026-04-01T18:13:33.000Z</time></trkpt><trkpt lat="14.22262954711914" lon="121.15735626220703"><time>2026-04-01T18:13:34.000Z</time></trkpt><trkpt lat="14.222636222839355" lon="121.15737915039062"><time>2026-04-01T18:13:35.000Z</time></trkpt><trkpt lat="14.22264289855957" lon="121.15740203857422"><time>2026-04-01T18:13:36.000Z</time></trkpt><trkpt lat="14.222649574279785" lon="121.15741729736328"><time>2026-04-01T18:13:37.000Z</time></trkpt><trkpt lat="14.222658157348633" lon="121.1574478149414"><time>2026-04-01T18:13:38.000Z</time></trkpt><trkpt lat="14.222664833068848" lon="121.15746307373047"><time>2026-04-01T18:13:39.000Z</time></trkpt><trkpt lat="14.222668647766113" lon="121.15748596191406"><time>2026-04-01T18:13:40.000Z</time></trkpt><trkpt lat="14.222675323486328" lon="121.15750885009766"><time>2026-04-01T18:13:41.000Z</time></trkpt><trkpt lat="14.222676277160645" lon="121.15752410888672"><time>2026-04-01T18:13:42.000Z</time></trkpt><trkpt lat="14.222675323486328" lon="121.15753936767578"><time>2026-04-01T18:13:43.000Z</time></trkpt><trkpt lat="14.222675323486328" lon="121.15755462646484"><time>2026-04-01T18:13:44.000Z</time></trkpt><trkpt lat="14.222681999206543" lon="121.1575698852539"><time>2026-04-01T18:13:45.000Z</time></trkpt><trkpt lat="14.222689628601074" lon="121.1575927734375"><time>2026-04-01T18:13:46.000Z</time></trkpt><trkpt lat="14.222696304321289" lon="121.15760803222656"><time>2026-04-01T18:13:47.000Z</time></trkpt><trkpt lat="14.222700119018555" lon="121.15763092041016"><time>2026-04-01T18:13:48.000Z</time></trkpt><trkpt lat="14.222700119018555" lon="121.15764617919922"><time>2026-04-01T18:13:49.000Z</time></trkpt><trkpt lat="14.222704887390137" lon="121.15766906738281"><time>2026-04-01T18:13:50.000Z</time></trkpt><trkpt lat="14.22270679473877" lon="121.1576919555664"><time>2026-04-01T18:13:51.000Z</time></trkpt><trkpt lat="14.222709655761719" lon="121.15770721435547"><time>2026-04-01T18:13:52.000Z</time></trkpt><trkpt lat="14.222713470458984" lon="121.15772247314453"><time>2026-04-01T18:13:53.000Z</time></trkpt><trkpt lat="14.2227201461792" lon="121.15774536132812"><time>2026-04-01T18:13:54.000Z</time></trkpt><trkpt lat="14.222726821899414" lon="121.15776824951172"><time>2026-04-01T18:13:55.000Z</time></trkpt><trkpt lat="14.222731590270996" lon="121.15778350830078"><time>2026-04-01T18:13:56.000Z</time></trkpt><trkpt lat="14.222738265991211" lon="121.15780639648438"><time>2026-04-01T18:13:57.000Z</time></trkpt><trkpt lat="14.222744941711426" lon="121.1578369140625"><time>2026-04-01T18:13:58.000Z</time></trkpt><trkpt lat="14.222753524780273" lon="121.1578598022461"><time>2026-04-01T18:13:59.000Z</time></trkpt><trkpt lat="14.222762107849121" lon="121.15788269042969"><time>2026-04-01T18:14:00.000Z</time></trkpt><trkpt lat="14.222768783569336" lon="121.15789794921875"><time>2026-04-01T18:14:01.000Z</time></trkpt><trkpt lat="14.22277545928955" lon="121.15792083740234"><time>2026-04-01T18:14:02.000Z</time></trkpt><trkpt lat="14.222782135009766" lon="121.15792846679688"><time>2026-04-01T18:14:03.000Z</time></trkpt><trkpt lat="14.222783088684082" lon="121.15794372558594"><time>2026-04-01T18:14:04.000Z</time></trkpt><trkpt lat="14.222782135009766" lon="121.157958984375"><time>2026-04-01T18:14:05.000Z</time></trkpt><trkpt lat="14.222783088684082" lon="121.15797424316406"><time>2026-04-01T18:14:06.000Z</time></trkpt><trkpt lat="14.222782135009766" lon="121.15798950195312"><time>2026-04-01T18:14:07.000Z</time></trkpt><trkpt lat="14.222783088684082" lon="121.15800476074219"><time>2026-04-01T18:14:08.000Z</time></trkpt><trkpt lat="14.222787857055664" lon="121.15802001953125"><time>2026-04-01T18:14:09.000Z</time></trkpt><trkpt lat="14.222793579101562" lon="121.15803527832031"><time>2026-04-01T18:14:10.000Z</time></trkpt><trkpt lat="14.222800254821777" lon="121.1580581665039"><time>2026-04-01T18:14:11.000Z</time></trkpt><trkpt lat="14.222807884216309" lon="121.15807342529297"><time>2026-04-01T18:14:12.000Z</time></trkpt><trkpt lat="14.222818374633789" lon="121.15809631347656"><time>2026-04-01T18:14:13.000Z</time></trkpt><trkpt lat="14.222826957702637" lon="121.15811157226562"><time>2026-04-01T18:14:14.000Z</time></trkpt><trkpt lat="14.222829818725586" lon="121.15813446044922"><time>2026-04-01T18:14:15.000Z</time></trkpt><trkpt lat="14.2228364944458" lon="121.15814971923828"><time>2026-04-01T18:14:16.000Z</time></trkpt><trkpt lat="14.222845077514648" lon="121.15815734863281"><time>2026-04-01T18:14:17.000Z</time></trkpt><trkpt lat="14.22284984588623" lon="121.15816497802734"><time>2026-04-01T18:14:18.000Z</time></trkpt><trkpt lat="14.222858428955078" lon="121.1581802368164"><time>2026-04-01T18:14:19.000Z</time></trkpt><trkpt lat="14.222871780395508" lon="121.158203125"><time>2026-04-01T18:14:20.000Z</time></trkpt><trkpt lat="14.222881317138672" lon="121.15821838378906"><time>2026-04-01T18:14:21.000Z</time></trkpt><trkpt lat="14.222894668579102" lon="121.15824127197266"><time>2026-04-01T18:14:22.000Z</time></trkpt><trkpt lat="14.222911834716797" lon="121.15825653076172"><time>2026-04-01T18:14:23.000Z</time></trkpt><trkpt lat="14.22292709350586" lon="121.15827178955078"><time>2026-04-01T18:14:24.000Z</time></trkpt><trkpt lat="14.222936630249023" lon="121.15829467773438"><time>2026-04-01T18:14:25.000Z</time></trkpt><trkpt lat="14.222947120666504" lon="121.15831756591797"><time>2026-04-01T18:14:26.000Z</time></trkpt><trkpt lat="14.222956657409668" lon="121.15834045410156"><time>2026-04-01T18:14:27.000Z</time></trkpt><trkpt lat="14.222965240478516" lon="121.15836334228516"><time>2026-04-01T18:14:28.000Z</time></trkpt><trkpt lat="14.222968101501465" lon="121.15837860107422"><time>2026-04-01T18:14:29.000Z</time></trkpt><trkpt lat="14.22297477722168" lon="121.15839385986328"><time>2026-04-01T18:14:30.000Z</time></trkpt><trkpt lat="14.222979545593262" lon="121.15841674804688"><time>2026-04-01T18:14:31.000Z</time></trkpt><trkpt lat="14.22298812866211" lon="121.15843200683594"><time>2026-04-01T18:14:32.000Z</time></trkpt><trkpt lat="14.222991943359375" lon="121.15843963623047"><time>2026-04-01T18:14:33.000Z</time></trkpt><trkpt lat="14.22299861907959" lon="121.15846252441406"><time>2026-04-01T18:14:34.000Z</time></trkpt><trkpt lat="14.223003387451172" lon="121.15847778320312"><time>2026-04-01T18:14:35.000Z</time></trkpt><trkpt lat="14.223010063171387" lon="121.15850067138672"><time>2026-04-01T18:14:36.000Z</time></trkpt><trkpt lat="14.223018646240234" lon="121.15853118896484"><time>2026-04-01T18:14:37.000Z</time></trkpt><trkpt lat="14.22302532196045" lon="121.15855407714844"><time>2026-04-01T18:14:38.000Z</time></trkpt><trkpt lat="14.223030090332031" lon="121.15857696533203"><time>2026-04-01T18:14:39.000Z</time></trkpt><trkpt lat="14.223034858703613" lon="121.15859985351562"><time>2026-04-01T18:14:40.000Z</time></trkpt><trkpt lat="14.223039627075195" lon="121.15861511230469"><time>2026-04-01T18:14:41.000Z</time></trkpt><trkpt lat="14.223043441772461" lon="121.15863800048828"><time>2026-04-01T18:14:42.000Z</time></trkpt><trkpt lat="14.223052024841309" lon="121.15866088867188"><time>2026-04-01T18:14:43.000Z</time></trkpt><trkpt lat="14.22305679321289" lon="121.15868377685547"><time>2026-04-01T18:14:44.000Z</time></trkpt><trkpt lat="14.22305965423584" lon="121.15870666503906"><time>2026-04-01T18:14:45.000Z</time></trkpt><trkpt lat="14.223061561584473" lon="121.15872192382812"><time>2026-04-01T18:14:46.000Z</time></trkpt><trkpt lat="14.223066329956055" lon="121.15872955322266"><time>2026-04-01T18:14:47.000Z</time></trkpt><trkpt lat="14.223081588745117" lon="121.15878295898438"><time>2026-04-01T18:14:48.000Z</time></trkpt><trkpt lat="14.223088264465332" lon="121.15879821777344"><time>2026-04-01T18:14:49.000Z</time></trkpt><trkpt lat="14.22309684753418" lon="121.1588134765625"><time>2026-04-01T18:14:50.000Z</time></trkpt><trkpt lat="14.223099708557129" lon="121.1588363647461"><time>2026-04-01T18:14:51.000Z</time></trkpt><trkpt lat="14.223108291625977" lon="121.15885925292969"><time>2026-04-01T18:14:52.000Z</time></trkpt><trkpt lat="14.223113059997559" lon="121.15888214111328"><time>2026-04-01T18:14:53.000Z</time></trkpt><trkpt lat="14.223114967346191" lon="121.15889739990234"><time>2026-04-01T18:14:54.000Z</time></trkpt><trkpt lat="14.223114967346191" lon="121.1589126586914"><time>2026-04-01T18:14:55.000Z</time></trkpt><trkpt lat="14.223123550415039" lon="121.15892791748047"><time>2026-04-01T18:14:56.000Z</time></trkpt><trkpt lat="14.223133087158203" lon="121.158935546875"><time>2026-04-01T18:14:57.000Z</time></trkpt><trkpt lat="14.22314453125" lon="121.1589584350586"><time>2026-04-01T18:14:58.000Z</time></trkpt><trkpt lat="14.22315788269043" lon="121.15898895263672"><time>2026-04-01T18:14:59.000Z</time></trkpt><trkpt lat="14.22316837310791" lon="121.15900421142578"><time>2026-04-01T18:15:00.000Z</time></trkpt><trkpt lat="14.223177909851074" lon="121.15902709960938"><time>2026-04-01T18:15:01.000Z</time></trkpt><trkpt lat="14.223190307617188" lon="121.15906524658203"><time>2026-04-01T18:15:02.000Z</time></trkpt><trkpt lat="14.223197937011719" lon="121.15908813476562"><time>2026-04-01T18:15:03.000Z</time></trkpt><trkpt lat="14.223204612731934" lon="121.15911102294922"><time>2026-04-01T18:15:04.000Z</time></trkpt><trkpt lat="14.223215103149414" lon="121.15913391113281"><time>2026-04-01T18:15:05.000Z</time></trkpt><trkpt lat="14.223219871520996" lon="121.1591567993164"><time>2026-04-01T18:15:06.000Z</time></trkpt><trkpt lat="14.223219871520996" lon="121.15916442871094"><time>2026-04-01T18:15:07.000Z</time></trkpt><trkpt lat="14.223228454589844" lon="121.15918731689453"><time>2026-04-01T18:15:08.000Z</time></trkpt><trkpt lat="14.223237037658691" lon="121.1592025756836"><time>2026-04-01T18:15:09.000Z</time></trkpt><trkpt lat="14.223271369934082" lon="121.15925598144531"><time>2026-04-01T18:15:10.000Z</time></trkpt><trkpt lat="14.22327995300293" lon="121.15927124023438"><time>2026-04-01T18:15:11.000Z</time></trkpt><trkpt lat="14.223286628723145" lon="121.15928649902344"><time>2026-04-01T18:15:12.000Z</time></trkpt><trkpt lat="14.22329330444336" lon="121.15930938720703"><time>2026-04-01T18:15:13.000Z</time></trkpt><trkpt lat="14.223299980163574" lon="121.1593246459961"><time>2026-04-01T18:15:14.000Z</time></trkpt><trkpt lat="14.223306655883789" lon="121.15934753417969"><time>2026-04-01T18:15:15.000Z</time></trkpt><trkpt lat="14.223310470581055" lon="121.15936279296875"><time>2026-04-01T18:15:16.000Z</time></trkpt><trkpt lat="14.223310470581055" lon="121.15938568115234"><time>2026-04-01T18:15:17.000Z</time></trkpt><trkpt lat="14.223310470581055" lon="121.1594009399414"><time>2026-04-01T18:15:18.000Z</time></trkpt><trkpt lat="14.223304748535156" lon="121.15941619873047"><time>2026-04-01T18:15:19.000Z</time></trkpt><trkpt lat="14.223308563232422" lon="121.15943145751953"><time>2026-04-01T18:15:20.000Z</time></trkpt><trkpt lat="14.223313331604004" lon="121.1594467163086"><time>2026-04-01T18:15:21.000Z</time></trkpt><trkpt lat="14.2233247756958" lon="121.15946197509766"><time>2026-04-01T18:15:22.000Z</time></trkpt><trkpt lat="14.223336219787598" lon="121.15948486328125"><time>2026-04-01T18:15:23.000Z</time></trkpt><trkpt lat="14.223348617553711" lon="121.15950775146484"><time>2026-04-01T18:15:24.000Z</time></trkpt><trkpt lat="14.223358154296875" lon="121.15953826904297"><time>2026-04-01T18:15:25.000Z</time></trkpt><trkpt lat="14.223368644714355" lon="121.15955352783203"><time>2026-04-01T18:15:26.000Z</time></trkpt><trkpt lat="14.22337818145752" lon="121.15957641601562"><time>2026-04-01T18:15:27.000Z</time></trkpt><trkpt lat="14.223384857177734" lon="121.15959167480469"><time>2026-04-01T18:15:28.000Z</time></trkpt><trkpt lat="14.223389625549316" lon="121.15961456298828"><time>2026-04-01T18:15:29.000Z</time></trkpt><trkpt lat="14.223402976989746" lon="121.15963745117188"><time>2026-04-01T18:15:30.000Z</time></trkpt><trkpt lat="14.223409652709961" lon="121.15966796875"><time>2026-04-01T18:15:31.000Z</time></trkpt><trkpt lat="14.223413467407227" lon="121.1596908569336"><time>2026-04-01T18:15:32.000Z</time></trkpt><trkpt lat="14.223416328430176" lon="121.15970611572266"><time>2026-04-01T18:15:33.000Z</time></trkpt><trkpt lat="14.223422050476074" lon="121.15972900390625"><time>2026-04-01T18:15:34.000Z</time></trkpt><trkpt lat="14.223431587219238" lon="121.15974426269531"><time>2026-04-01T18:15:35.000Z</time></trkpt><trkpt lat="14.223442077636719" lon="121.1597671508789"><time>2026-04-01T18:15:36.000Z</time></trkpt><trkpt lat="14.223448753356934" lon="121.15977478027344"><time>2026-04-01T18:15:37.000Z</time></trkpt><trkpt lat="14.223455429077148" lon="121.15979766845703"><time>2026-04-01T18:15:38.000Z</time></trkpt><trkpt lat="14.22346305847168" lon="121.1598129272461"><time>2026-04-01T18:15:39.000Z</time></trkpt><trkpt lat="14.223469734191895" lon="121.15982818603516"><time>2026-04-01T18:15:40.000Z</time></trkpt><trkpt lat="14.223475456237793" lon="121.15985107421875"><time>2026-04-01T18:15:41.000Z</time></trkpt><trkpt lat="14.22347640991211" lon="121.15987396240234"><time>2026-04-01T18:15:42.000Z</time></trkpt><trkpt lat="14.223482131958008" lon="121.1598892211914"><time>2026-04-01T18:15:43.000Z</time></trkpt><trkpt lat="14.223484992980957" lon="121.159912109375"><time>2026-04-01T18:15:44.000Z</time></trkpt><trkpt lat="14.223489761352539" lon="121.1599349975586"><time>2026-04-01T18:15:45.000Z</time></trkpt><trkpt lat="14.223501205444336" lon="121.15995788574219"><time>2026-04-01T18:15:46.000Z</time></trkpt><trkpt lat="14.223509788513184" lon="121.15998077392578"><time>2026-04-01T18:15:47.000Z</time></trkpt><trkpt lat="14.223516464233398" lon="121.16000366210938"><time>2026-04-01T18:15:48.000Z</time></trkpt><trkpt lat="14.223533630371094" lon="121.1600341796875"><time>2026-04-01T18:15:49.000Z</time></trkpt><trkpt lat="14.22354793548584" lon="121.1600570678711"><time>2026-04-01T18:15:50.000Z</time></trkpt><trkpt lat="14.223556518554688" lon="121.16007232666016"><time>2026-04-01T18:15:51.000Z</time></trkpt><trkpt lat="14.22356128692627" lon="121.16009521484375"><time>2026-04-01T18:15:52.000Z</time></trkpt><trkpt lat="14.22357177734375" lon="121.16011810302734"><time>2026-04-01T18:15:53.000Z</time></trkpt><trkpt lat="14.223576545715332" lon="121.1601333618164"><time>2026-04-01T18:15:54.000Z</time></trkpt><trkpt lat="14.223581314086914" lon="121.16014862060547"><time>2026-04-01T18:15:55.000Z</time></trkpt><trkpt lat="14.223583221435547" lon="121.16015625"><time>2026-04-01T18:15:56.000Z</time></trkpt><trkpt lat="14.223587036132812" lon="121.16017150878906"><time>2026-04-01T18:15:57.000Z</time></trkpt><trkpt lat="14.223593711853027" lon="121.16018676757812"><time>2026-04-01T18:15:58.000Z</time></trkpt><trkpt lat="14.22359848022461" lon="121.16020202636719"><time>2026-04-01T18:15:59.000Z</time></trkpt><trkpt lat="14.223603248596191" lon="121.16022491455078"><time>2026-04-01T18:16:00.000Z</time></trkpt><trkpt lat="14.223608016967773" lon="121.16024780273438"><time>2026-04-01T18:16:01.000Z</time></trkpt><trkpt lat="14.223618507385254" lon="121.16026306152344"><time>2026-04-01T18:16:02.000Z</time></trkpt><trkpt lat="14.223625183105469" lon="121.16028594970703"><time>2026-04-01T18:16:03.000Z</time></trkpt><trkpt lat="14.223633766174316" lon="121.16030883789062"><time>2026-04-01T18:16:04.000Z</time></trkpt><trkpt lat="14.223636627197266" lon="121.16033172607422"><time>2026-04-01T18:16:05.000Z</time></trkpt><trkpt lat="14.22364330291748" lon="121.16035461425781"><time>2026-04-01T18:16:06.000Z</time></trkpt><trkpt lat="14.223647117614746" lon="121.1603775024414"><time>2026-04-01T18:16:07.000Z</time></trkpt><trkpt lat="14.223653793334961" lon="121.16039276123047"><time>2026-04-01T18:16:08.000Z</time></trkpt><trkpt lat="14.223654747009277" lon="121.16040802001953"><time>2026-04-01T18:16:09.000Z</time></trkpt><trkpt lat="14.223660469055176" lon="121.1604232788086"><time>2026-04-01T18:16:10.000Z</time></trkpt><trkpt lat="14.223668098449707" lon="121.16043853759766"><time>2026-04-01T18:16:11.000Z</time></trkpt><trkpt lat="14.22367000579834" lon="121.16045379638672"><time>2026-04-01T18:16:12.000Z</time></trkpt><trkpt lat="14.223672866821289" lon="121.16046905517578"><time>2026-04-01T18:16:13.000Z</time></trkpt><trkpt lat="14.223685264587402" lon="121.1604995727539"><time>2026-04-01T18:16:14.000Z</time></trkpt><trkpt lat="14.2236967086792" lon="121.1605224609375"><time>2026-04-01T18:16:15.000Z</time></trkpt><trkpt lat="14.223705291748047" lon="121.1605453491211"><time>2026-04-01T18:16:16.000Z</time></trkpt><trkpt lat="14.223714828491211" lon="121.16056823730469"><time>2026-04-01T18:16:17.000Z</time></trkpt><trkpt lat="14.223732948303223" lon="121.16059112548828"><time>2026-04-01T18:16:18.000Z</time></trkpt><trkpt lat="14.22374153137207" lon="121.16061401367188"><time>2026-04-01T18:16:19.000Z</time></trkpt><trkpt lat="14.22375202178955" lon="121.16062927246094"><time>2026-04-01T18:16:20.000Z</time></trkpt><trkpt lat="14.223761558532715" lon="121.16065216064453"><time>2026-04-01T18:16:21.000Z</time></trkpt><trkpt lat="14.223770141601562" lon="121.16067504882812"><time>2026-04-01T18:16:22.000Z</time></trkpt><trkpt lat="14.22377872467041" lon="121.16070556640625"><time>2026-04-01T18:16:23.000Z</time></trkpt><trkpt lat="14.223790168762207" lon="121.16072845458984"><time>2026-04-01T18:16:24.000Z</time></trkpt><trkpt lat="14.223801612854004" lon="121.1607437133789"><time>2026-04-01T18:16:25.000Z</time></trkpt><trkpt lat="14.223816871643066" lon="121.1607666015625"><time>2026-04-01T18:16:26.000Z</time></trkpt><trkpt lat="14.223832130432129" lon="121.16079711914062"><time>2026-04-01T18:16:27.000Z</time></trkpt><trkpt lat="14.223843574523926" lon="121.16081237792969"><time>2026-04-01T18:16:28.000Z</time></trkpt><trkpt lat="14.22385311126709" lon="121.16083526611328"><time>2026-04-01T18:16:29.000Z</time></trkpt><trkpt lat="14.223861694335938" lon="121.16085815429688"><time>2026-04-01T18:16:30.000Z</time></trkpt><trkpt lat="14.223870277404785" lon="121.16088104248047"><time>2026-04-01T18:16:31.000Z</time></trkpt><trkpt lat="14.223873138427734" lon="121.16090393066406"><time>2026-04-01T18:16:32.000Z</time></trkpt><trkpt lat="14.223873138427734" lon="121.1609115600586"><time>2026-04-01T18:16:33.000Z</time></trkpt><trkpt lat="14.223876953125" lon="121.16093444824219"><time>2026-04-01T18:16:34.000Z</time></trkpt><trkpt lat="14.223881721496582" lon="121.16094207763672"><time>2026-04-01T18:16:35.000Z</time></trkpt><trkpt lat="14.223888397216797" lon="121.16095733642578"><time>2026-04-01T18:16:36.000Z</time></trkpt><trkpt lat="14.223897933959961" lon="121.16098022460938"><time>2026-04-01T18:16:37.000Z</time></trkpt><trkpt lat="14.223910331726074" lon="121.16100311279297"><time>2026-04-01T18:16:38.000Z</time></trkpt><trkpt lat="14.223917007446289" lon="121.16101837158203"><time>2026-04-01T18:16:39.000Z</time></trkpt><trkpt lat="14.223926544189453" lon="121.1610336303711"><time>2026-04-01T18:16:40.000Z</time></trkpt><trkpt lat="14.223931312561035" lon="121.16104888916016"><time>2026-04-01T18:16:41.000Z</time></trkpt><trkpt lat="14.22393798828125" lon="121.16105651855469"><time>2026-04-01T18:16:42.000Z</time></trkpt><trkpt lat="14.223946571350098" lon="121.16106414794922"><time>2026-04-01T18:16:43.000Z</time></trkpt><trkpt lat="14.223950386047363" lon="121.16107940673828"><time>2026-04-01T18:16:44.000Z</time></trkpt><trkpt lat="14.223953247070312" lon="121.16108703613281"><time>2026-04-01T18:16:45.000Z</time></trkpt><trkpt lat="14.223970413208008" lon="121.1611099243164"><time>2026-04-01T18:16:46.000Z</time></trkpt><trkpt lat="14.223984718322754" lon="121.1611328125"><time>2026-04-01T18:16:47.000Z</time></trkpt><trkpt lat="14.223995208740234" lon="121.1611557006836"><time>2026-04-01T18:16:48.000Z</time></trkpt><trkpt lat="14.224004745483398" lon="121.16117858886719"><time>2026-04-01T18:16:49.000Z</time></trkpt><trkpt lat="14.224026679992676" lon="121.16120147705078"><time>2026-04-01T18:16:50.000Z</time></trkpt><trkpt lat="14.224038124084473" lon="121.1612319946289"><time>2026-04-01T18:16:51.000Z</time></trkpt><trkpt lat="14.22404670715332" lon="121.1612548828125"><time>2026-04-01T18:16:52.000Z</time></trkpt><trkpt lat="14.224058151245117" lon="121.1612777709961"><time>2026-04-01T18:16:53.000Z</time></trkpt><trkpt lat="14.224069595336914" lon="121.16130828857422"><time>2026-04-01T18:16:54.000Z</time></trkpt><trkpt lat="14.224078178405762" lon="121.16133117675781"><time>2026-04-01T18:16:55.000Z</time></trkpt><trkpt lat="14.224088668823242" lon="121.1613540649414"><time>2026-04-01T18:16:56.000Z</time></trkpt><trkpt lat="14.224095344543457" lon="121.16136932373047"><time>2026-04-01T18:16:57.000Z</time></trkpt><trkpt lat="14.224100112915039" lon="121.16139221191406"><time>2026-04-01T18:16:58.000Z</time></trkpt><trkpt lat="14.224104881286621" lon="121.16140747070312"><time>2026-04-01T18:16:59.000Z</time></trkpt><trkpt lat="14.224115371704102" lon="121.16143035888672"><time>2026-04-01T18:17:00.000Z</time></trkpt><trkpt lat="14.224122047424316" lon="121.16145324707031"><time>2026-04-01T18:17:01.000Z</time></trkpt><trkpt lat="14.224128723144531" lon="121.16146850585938"><time>2026-04-01T18:17:02.000Z</time></trkpt><trkpt lat="14.224140167236328" lon="121.16148376464844"><time>2026-04-01T18:17:03.000Z</time></trkpt><trkpt lat="14.224148750305176" lon="121.16150665283203"><time>2026-04-01T18:17:04.000Z</time></trkpt><trkpt lat="14.224149703979492" lon="121.16152954101562"><time>2026-04-01T18:17:05.000Z</time></trkpt><trkpt lat="14.224156379699707" lon="121.16155242919922"><time>2026-04-01T18:17:06.000Z</time></trkpt><trkpt lat="14.224162101745605" lon="121.16158294677734"><time>2026-04-01T18:17:07.000Z</time></trkpt><trkpt lat="14.224166870117188" lon="121.16160583496094"><time>2026-04-01T18:17:08.000Z</time></trkpt><trkpt lat="14.22417163848877" lon="121.16162872314453"><time>2026-04-01T18:17:09.000Z</time></trkpt><trkpt lat="14.224180221557617" lon="121.1616439819336"><time>2026-04-01T18:17:10.000Z</time></trkpt><trkpt lat="14.224186897277832" lon="121.16166687011719"><time>2026-04-01T18:17:11.000Z</time></trkpt><trkpt lat="14.224191665649414" lon="121.16168212890625"><time>2026-04-01T18:17:12.000Z</time></trkpt><trkpt lat="14.224200248718262" lon="121.16170501708984"><time>2026-04-01T18:17:13.000Z</time></trkpt><trkpt lat="14.224206924438477" lon="121.1617202758789"><time>2026-04-01T18:17:14.000Z</time></trkpt><trkpt lat="14.224209785461426" lon="121.16173553466797"><time>2026-04-01T18:17:15.000Z</time></trkpt><trkpt lat="14.224207878112793" lon="121.16175079345703"><time>2026-04-01T18:17:16.000Z</time></trkpt><trkpt lat="14.224206924438477" lon="121.16175842285156"><time>2026-04-01T18:17:17.000Z</time></trkpt><trkpt lat="14.224209785461426" lon="121.16177368164062"><time>2026-04-01T18:17:18.000Z</time></trkpt><trkpt lat="14.224213600158691" lon="121.16178894042969"><time>2026-04-01T18:17:19.000Z</time></trkpt><trkpt lat="14.224220275878906" lon="121.16180419921875"><time>2026-04-01T18:17:20.000Z</time></trkpt><trkpt lat="14.22422981262207" lon="121.16182708740234"><time>2026-04-01T18:17:21.000Z</time></trkpt><trkpt lat="14.224236488342285" lon="121.16184997558594"><time>2026-04-01T18:17:22.000Z</time></trkpt><trkpt lat="14.224245071411133" lon="121.16187286376953"><time>2026-04-01T18:17:23.000Z</time></trkpt><trkpt lat="14.224249839782715" lon="121.16189575195312"><time>2026-04-01T18:17:24.000Z</time></trkpt><trkpt lat="14.224254608154297" lon="121.16191864013672"><time>2026-04-01T18:17:25.000Z</time></trkpt><trkpt lat="14.224263191223145" lon="121.16193389892578"><time>2026-04-01T18:17:26.000Z</time></trkpt><trkpt lat="14.224273681640625" lon="121.1619644165039"><time>2026-04-01T18:17:27.000Z</time></trkpt><trkpt lat="14.224287033081055" lon="121.16199493408203"><time>2026-04-01T18:17:28.000Z</time></trkpt><trkpt lat="14.224296569824219" lon="121.16201782226562"><time>2026-04-01T18:17:29.000Z</time></trkpt><trkpt lat="14.2243070602417" lon="121.16204071044922"><time>2026-04-01T18:17:30.000Z</time></trkpt><trkpt lat="14.22431468963623" lon="121.16206359863281"><time>2026-04-01T18:17:31.000Z</time></trkpt><trkpt lat="14.224327087402344" lon="121.1620864868164"><time>2026-04-01T18:17:32.000Z</time></trkpt><trkpt lat="14.22433853149414" lon="121.162109375"><time>2026-04-01T18:17:33.000Z</time></trkpt><trkpt lat="14.224343299865723" lon="121.1621322631836"><time>2026-04-01T18:17:34.000Z</time></trkpt><trkpt lat="14.224349975585938" lon="121.16215515136719"><time>2026-04-01T18:17:35.000Z</time></trkpt><trkpt lat="14.224358558654785" lon="121.16217803955078"><time>2026-04-01T18:17:36.000Z</time></trkpt><trkpt lat="14.224367141723633" lon="121.16219329833984"><time>2026-04-01T18:17:37.000Z</time></trkpt><trkpt lat="14.224374771118164" lon="121.16221618652344"><time>2026-04-01T18:17:38.000Z</time></trkpt><trkpt lat="14.224385261535645" lon="121.1622314453125"><time>2026-04-01T18:17:39.000Z</time></trkpt><trkpt lat="14.224392890930176" lon="121.1622543334961"><time>2026-04-01T18:17:40.000Z</time></trkpt><trkpt lat="14.22439956665039" lon="121.16226959228516"><time>2026-04-01T18:17:41.000Z</time></trkpt><trkpt lat="14.224406242370605" lon="121.16228485107422"><time>2026-04-01T18:17:42.000Z</time></trkpt><trkpt lat="14.224410057067871" lon="121.16230010986328"><time>2026-04-01T18:17:43.000Z</time></trkpt><trkpt lat="14.224411964416504" lon="121.16231536865234"><time>2026-04-01T18:17:44.000Z</time></trkpt><trkpt lat="14.224414825439453" lon="121.1623306274414"><time>2026-04-01T18:17:45.000Z</time></trkpt><trkpt lat="14.224421501159668" lon="121.16234588623047"><time>2026-04-01T18:17:46.000Z</time></trkpt><trkpt lat="14.224430084228516" lon="121.16236877441406"><time>2026-04-01T18:17:47.000Z</time></trkpt><trkpt lat="14.22443962097168" lon="121.16239166259766"><time>2026-04-01T18:17:48.000Z</time></trkpt><trkpt lat="14.224445343017578" lon="121.16240692138672"><time>2026-04-01T18:17:49.000Z</time></trkpt><trkpt lat="14.224454879760742" lon="121.16242980957031"><time>2026-04-01T18:17:50.000Z</time></trkpt><trkpt lat="14.22446346282959" lon="121.1624526977539"><time>2026-04-01T18:17:51.000Z</time></trkpt><trkpt lat="14.224466323852539" lon="121.16246032714844"><time>2026-04-01T18:17:52.000Z</time></trkpt><trkpt lat="14.224472045898438" lon="121.16248321533203"><time>2026-04-01T18:17:53.000Z</time></trkpt><trkpt lat="14.224481582641602" lon="121.16250610351562"><time>2026-04-01T18:17:54.000Z</time></trkpt><trkpt lat="14.224493026733398" lon="121.16253662109375"><time>2026-04-01T18:17:55.000Z</time></trkpt><trkpt lat="14.224503517150879" lon="121.16255950927734"><time>2026-04-01T18:17:56.000Z</time></trkpt><trkpt lat="14.224512100219727" lon="121.16258239746094"><time>2026-04-01T18:17:57.000Z</time></trkpt><trkpt lat="14.22452163696289" lon="121.16260528564453"><time>2026-04-01T18:17:58.000Z</time></trkpt><trkpt lat="14.224533081054688" lon="121.16262817382812"><time>2026-04-01T18:17:59.000Z</time></trkpt><trkpt lat="14.224543571472168" lon="121.16264343261719"><time>2026-04-01T18:18:00.000Z</time></trkpt><trkpt lat="14.224553108215332" lon="121.16265869140625"><time>2026-04-01T18:18:01.000Z</time></trkpt><trkpt lat="14.224557876586914" lon="121.16265869140625"><time>2026-04-01T18:18:02.000Z</time></trkpt><trkpt lat="14.224563598632812" lon="121.16267395019531"><time>2026-04-01T18:18:03.000Z</time></trkpt><trkpt lat="14.224568367004395" lon="121.16268157958984"><time>2026-04-01T18:18:04.000Z</time></trkpt><trkpt lat="14.224570274353027" lon="121.1626968383789"><time>2026-04-01T18:18:05.000Z</time></trkpt><trkpt lat="14.22457504272461" lon="121.16270446777344"><time>2026-04-01T18:18:06.000Z</time></trkpt><trkpt lat="14.224577903747559" lon="121.16271209716797"><time>2026-04-01T18:18:07.000Z</time></trkpt><trkpt lat="14.224588394165039" lon="121.1627197265625"><time>2026-04-01T18:18:08.000Z</time></trkpt><trkpt lat="14.224593162536621" lon="121.16273498535156"><time>2026-04-01T18:18:09.000Z</time></trkpt><trkpt lat="14.224601745605469" lon="121.16275024414062"><time>2026-04-01T18:18:10.000Z</time></trkpt><trkpt lat="14.224613189697266" lon="121.16275787353516"><time>2026-04-01T18:18:11.000Z</time></trkpt><trkpt lat="14.224626541137695" lon="121.16277313232422"><time>2026-04-01T18:18:12.000Z</time></trkpt><trkpt lat="14.224637031555176" lon="121.16278839111328"><time>2026-04-01T18:18:13.000Z</time></trkpt><trkpt lat="14.224650382995605" lon="121.16280364990234"><time>2026-04-01T18:18:14.000Z</time></trkpt><trkpt lat="14.224658012390137" lon="121.16281127929688"><time>2026-04-01T18:18:15.000Z</time></trkpt><trkpt lat="14.224666595458984" lon="121.16282653808594"><time>2026-04-01T18:18:16.000Z</time></trkpt><trkpt lat="14.224677085876465" lon="121.16282653808594"><time>2026-04-01T18:18:17.000Z</time></trkpt><trkpt lat="14.224684715270996" lon="121.16283416748047"><time>2026-04-01T18:18:18.000Z</time></trkpt><trkpt lat="14.224695205688477" lon="121.162841796875"><time>2026-04-01T18:18:19.000Z</time></trkpt><trkpt lat="14.224715232849121" lon="121.16285705566406"><time>2026-04-01T18:18:20.000Z</time></trkpt><trkpt lat="14.224724769592285" lon="121.1628646850586"><time>2026-04-01T18:18:21.000Z</time></trkpt><trkpt lat="14.224733352661133" lon="121.1628646850586"><time>2026-04-01T18:18:22.000Z</time></trkpt><trkpt lat="14.224756240844727" lon="121.16287231445312"><time>2026-04-01T18:18:23.000Z</time></trkpt><trkpt lat="14.224778175354004" lon="121.16287231445312"><time>2026-04-01T18:18:24.000Z</time></trkpt><trkpt lat="14.2247953414917" lon="121.16287994384766"><time>2026-04-01T18:18:25.000Z</time></trkpt><trkpt lat="14.224811553955078" lon="121.16289520263672"><time>2026-04-01T18:18:26.000Z</time></trkpt><trkpt lat="14.224835395812988" lon="121.16291046142578"><time>2026-04-01T18:18:27.000Z</time></trkpt><trkpt lat="14.224858283996582" lon="121.16291809082031"><time>2026-04-01T18:18:28.000Z</time></trkpt><trkpt lat="14.224876403808594" lon="121.16292572021484"><time>2026-04-01T18:18:29.000Z</time></trkpt><trkpt lat="14.22490119934082" lon="121.1629409790039"><time>2026-04-01T18:18:30.000Z</time></trkpt><trkpt lat="14.224926948547363" lon="121.16295623779297"><time>2026-04-01T18:18:31.000Z</time></trkpt><trkpt lat="14.224946975708008" lon="121.16297149658203"><time>2026-04-01T18:18:32.000Z</time></trkpt><trkpt lat="14.224969863891602" lon="121.1629867553711"><time>2026-04-01T18:18:33.000Z</time></trkpt><trkpt lat="14.225000381469727" lon="121.16300201416016"><time>2026-04-01T18:18:34.000Z</time></trkpt><trkpt lat="14.225028038024902" lon="121.16301727294922"><time>2026-04-01T18:18:35.000Z</time></trkpt><trkpt lat="14.225051879882812" lon="121.16303253173828"><time>2026-04-01T18:18:36.000Z</time></trkpt><trkpt lat="14.225076675415039" lon="121.16305541992188"><time>2026-04-01T18:18:37.000Z</time></trkpt><trkpt lat="14.225098609924316" lon="121.16307067871094"><time>2026-04-01T18:18:38.000Z</time></trkpt><trkpt lat="14.225114822387695" lon="121.1630859375"><time>2026-04-01T18:18:39.000Z</time></trkpt><trkpt lat="14.225130081176758" lon="121.16310119628906"><time>2026-04-01T18:18:40.000Z</time></trkpt><trkpt lat="14.22514533996582" lon="121.16311645507812"><time>2026-04-01T18:18:41.000Z</time></trkpt><trkpt lat="14.225163459777832" lon="121.16313934326172"><time>2026-04-01T18:18:42.000Z</time></trkpt><trkpt lat="14.225183486938477" lon="121.16315460205078"><time>2026-04-01T18:18:43.000Z</time></trkpt><trkpt lat="14.225199699401855" lon="121.16317749023438"><time>2026-04-01T18:18:44.000Z</time></trkpt><trkpt lat="14.22521686553955" lon="121.16319274902344"><time>2026-04-01T18:18:45.000Z</time></trkpt><trkpt lat="14.225228309631348" lon="121.1632080078125"><time>2026-04-01T18:18:46.000Z</time></trkpt><trkpt lat="14.22524356842041" lon="121.16322326660156"><time>2026-04-01T18:18:47.000Z</time></trkpt><trkpt lat="14.225259780883789" lon="121.16323852539062"><time>2026-04-01T18:18:48.000Z</time></trkpt><trkpt lat="14.225276947021484" lon="121.16325378417969"><time>2026-04-01T18:18:49.000Z</time></trkpt><trkpt lat="14.225290298461914" lon="121.16326141357422"><time>2026-04-01T18:18:50.000Z</time></trkpt><trkpt lat="14.225303649902344" lon="121.16327667236328"><time>2026-04-01T18:18:51.000Z</time></trkpt><trkpt lat="14.22531795501709" lon="121.16329193115234"><time>2026-04-01T18:18:52.000Z</time></trkpt><trkpt lat="14.225330352783203" lon="121.16331481933594"><time>2026-04-01T18:18:53.000Z</time></trkpt><trkpt lat="14.22534465789795" lon="121.163330078125"><time>2026-04-01T18:18:54.000Z</time></trkpt><trkpt lat="14.225357055664062" lon="121.16333770751953"><time>2026-04-01T18:18:55.000Z</time></trkpt><trkpt lat="14.22536849975586" lon="121.1633529663086"><time>2026-04-01T18:18:56.000Z</time></trkpt><trkpt lat="14.225378036499023" lon="121.16336822509766"><time>2026-04-01T18:18:57.000Z</time></trkpt><trkpt lat="14.225391387939453" lon="121.16338348388672"><time>2026-04-01T18:18:58.000Z</time></trkpt><trkpt lat="14.225406646728516" lon="121.16340637207031"><time>2026-04-01T18:18:59.000Z</time></trkpt><trkpt lat="14.225418090820312" lon="121.16341400146484"><time>2026-04-01T18:19:00.000Z</time></trkpt><trkpt lat="14.225433349609375" lon="121.16343688964844"><time>2026-04-01T18:19:01.000Z</time></trkpt><trkpt lat="14.225444793701172" lon="121.1634521484375"><time>2026-04-01T18:19:02.000Z</time></trkpt><trkpt lat="14.225456237792969" lon="121.16346740722656"><time>2026-04-01T18:19:03.000Z</time></trkpt><trkpt lat="14.225468635559082" lon="121.1634750366211"><time>2026-04-01T18:19:04.000Z</time></trkpt><trkpt lat="14.225478172302246" lon="121.16348266601562"><time>2026-04-01T18:19:05.000Z</time></trkpt><trkpt lat="14.225489616394043" lon="121.16349029541016"><time>2026-04-01T18:19:06.000Z</time></trkpt><trkpt lat="14.225502967834473" lon="121.16349792480469"><time>2026-04-01T18:19:07.000Z</time></trkpt><trkpt lat="14.225520133972168" lon="121.16351318359375"><time>2026-04-01T18:19:08.000Z</time></trkpt><trkpt lat="14.22553539276123" lon="121.16352844238281"><time>2026-04-01T18:19:09.000Z</time></trkpt><trkpt lat="14.22554874420166" lon="121.16354370117188"><time>2026-04-01T18:19:10.000Z</time></trkpt><trkpt lat="14.225558280944824" lon="121.16355895996094"><time>2026-04-01T18:19:11.000Z</time></trkpt><trkpt lat="14.225563049316406" lon="121.16356658935547"><time>2026-04-01T18:19:12.000Z</time></trkpt><trkpt lat="14.225569725036621" lon="121.16358184814453"><time>2026-04-01T18:19:13.000Z</time></trkpt><trkpt lat="14.225580215454102" lon="121.16358947753906"><time>2026-04-01T18:19:14.000Z</time></trkpt><trkpt lat="14.225591659545898" lon="121.16361236572266"><time>2026-04-01T18:19:15.000Z</time></trkpt><trkpt lat="14.225601196289062" lon="121.16363525390625"><time>2026-04-01T18:19:16.000Z</time></trkpt><trkpt lat="14.225611686706543" lon="121.16365051269531"><time>2026-04-01T18:19:17.000Z</time></trkpt><trkpt lat="14.22562026977539" lon="121.16366577148438"><time>2026-04-01T18:19:18.000Z</time></trkpt><trkpt lat="14.225625038146973" lon="121.16368865966797"><time>2026-04-01T18:19:19.000Z</time></trkpt><trkpt lat="14.225631713867188" lon="121.16370391845703"><time>2026-04-01T18:19:20.000Z</time></trkpt><trkpt lat="14.22563648223877" lon="121.16371154785156"><time>2026-04-01T18:19:21.000Z</time></trkpt><trkpt lat="14.225641250610352" lon="121.16372680664062"><time>2026-04-01T18:19:22.000Z</time></trkpt><trkpt lat="14.22564697265625" lon="121.16374969482422"><time>2026-04-01T18:19:23.000Z</time></trkpt><trkpt lat="14.225653648376465" lon="121.16377258300781"><time>2026-04-01T18:19:24.000Z</time></trkpt><trkpt lat="14.22566032409668" lon="121.1637954711914"><time>2026-04-01T18:19:25.000Z</time></trkpt><trkpt lat="14.225665092468262" lon="121.163818359375"><time>2026-04-01T18:19:26.000Z</time></trkpt><trkpt lat="14.225671768188477" lon="121.1638412475586"><time>2026-04-01T18:19:27.000Z</time></trkpt><trkpt lat="14.225678443908691" lon="121.16385650634766"><time>2026-04-01T18:19:28.000Z</time></trkpt><trkpt lat="14.225683212280273" lon="121.16387939453125"><time>2026-04-01T18:19:29.000Z</time></trkpt><trkpt lat="14.225691795349121" lon="121.16390228271484"><time>2026-04-01T18:19:30.000Z</time></trkpt><trkpt lat="14.225703239440918" lon="121.16393280029297"><time>2026-04-01T18:19:31.000Z</time></trkpt><trkpt lat="14.225709915161133" lon="121.16395568847656"><time>2026-04-01T18:19:32.000Z</time></trkpt><trkpt lat="14.225716590881348" lon="121.16398620605469"><time>2026-04-01T18:19:33.000Z</time></trkpt><trkpt lat="14.225723266601562" lon="121.16400146484375"><time>2026-04-01T18:19:34.000Z</time></trkpt><trkpt lat="14.22573184967041" lon="121.16402435302734"><time>2026-04-01T18:19:35.000Z</time></trkpt><trkpt lat="14.225741386413574" lon="121.16404724121094"><time>2026-04-01T18:19:36.000Z</time></trkpt><trkpt lat="14.225749969482422" lon="121.16407012939453"><time>2026-04-01T18:19:37.000Z</time></trkpt><trkpt lat="14.22575855255127" lon="121.16409301757812"><time>2026-04-01T18:19:38.000Z</time></trkpt><trkpt lat="14.2257719039917" lon="121.16412353515625"><time>2026-04-01T18:19:39.000Z</time></trkpt><trkpt lat="14.225778579711914" lon="121.16414642333984"><time>2026-04-01T18:19:40.000Z</time></trkpt><trkpt lat="14.225781440734863" lon="121.16416931152344"><time>2026-04-01T18:19:41.000Z</time></trkpt><trkpt lat="14.225786209106445" lon="121.16419219970703"><time>2026-04-01T18:19:42.000Z</time></trkpt><trkpt lat="14.22579288482666" lon="121.1642074584961"><time>2026-04-01T18:19:43.000Z</time></trkpt><trkpt lat="14.225798606872559" lon="121.16422271728516"><time>2026-04-01T18:19:44.000Z</time></trkpt><trkpt lat="14.22580337524414" lon="121.16423797607422"><time>2026-04-01T18:19:45.000Z</time></trkpt><trkpt lat="14.225808143615723" lon="121.16426849365234"><time>2026-04-01T18:19:46.000Z</time></trkpt><trkpt lat="14.225814819335938" lon="121.16429138183594"><time>2026-04-01T18:19:47.000Z</time></trkpt><trkpt lat="14.225821495056152" lon="121.16431427001953"><time>2026-04-01T18:19:48.000Z</time></trkpt><trkpt lat="14.225826263427734" lon="121.1643295288086"><time>2026-04-01T18:19:49.000Z</time></trkpt><trkpt lat="14.22583293914795" lon="121.16435241699219"><time>2026-04-01T18:19:50.000Z</time></trkpt><trkpt lat="14.225841522216797" lon="121.16437530517578"><time>2026-04-01T18:19:51.000Z</time></trkpt><trkpt lat="14.225846290588379" lon="121.16439056396484"><time>2026-04-01T18:19:52.000Z</time></trkpt><trkpt lat="14.225848197937012" lon="121.16441345214844"><time>2026-04-01T18:19:53.000Z</time></trkpt><trkpt lat="14.225850105285645" lon="121.1644287109375"><time>2026-04-01T18:19:54.000Z</time></trkpt><trkpt lat="14.225852966308594" lon="121.1644515991211"><time>2026-04-01T18:19:55.000Z</time></trkpt><trkpt lat="14.225859642028809" lon="121.16447448730469"><time>2026-04-01T18:19:56.000Z</time></trkpt><trkpt lat="14.225868225097656" lon="121.16449737548828"><time>2026-04-01T18:19:57.000Z</time></trkpt><trkpt lat="14.225878715515137" lon="121.16452026367188"><time>2026-04-01T18:19:58.000Z</time></trkpt><trkpt lat="14.225885391235352" lon="121.16455078125"><time>2026-04-01T18:19:59.000Z</time></trkpt><trkpt lat="14.225896835327148" lon="121.1645736694336"><time>2026-04-01T18:20:00.000Z</time></trkpt><trkpt lat="14.22590160369873" lon="121.16458892822266"><time>2026-04-01T18:20:01.000Z</time></trkpt><trkpt lat="14.225905418395996" lon="121.16461944580078"><time>2026-04-01T18:20:02.000Z</time></trkpt><trkpt lat="14.225910186767578" lon="121.16463470458984"><time>2026-04-01T18:20:03.000Z</time></trkpt><trkpt lat="14.225913047790527" lon="121.1646499633789"><time>2026-04-01T18:20:04.000Z</time></trkpt><trkpt lat="14.225921630859375" lon="121.1646728515625"><time>2026-04-01T18:20:05.000Z</time></trkpt><trkpt lat="14.22592830657959" lon="121.16468811035156"><time>2026-04-01T18:20:06.000Z</time></trkpt><trkpt lat="14.225934982299805" lon="121.16471099853516"><time>2026-04-01T18:20:07.000Z</time></trkpt><trkpt lat="14.22594165802002" lon="121.16473388671875"><time>2026-04-01T18:20:08.000Z</time></trkpt><trkpt lat="14.225950241088867" lon="121.16474914550781"><time>2026-04-01T18:20:09.000Z</time></trkpt><trkpt lat="14.22595500946045" lon="121.1647720336914"><time>2026-04-01T18:20:10.000Z</time></trkpt><trkpt lat="14.225959777832031" lon="121.16478729248047"><time>2026-04-01T18:20:11.000Z</time></trkpt><trkpt lat="14.225964546203613" lon="121.16480255126953"><time>2026-04-01T18:20:12.000Z</time></trkpt><trkpt lat="14.225970268249512" lon="121.1648178100586"><time>2026-04-01T18:20:13.000Z</time></trkpt><trkpt lat="14.225973129272461" lon="121.16483306884766"><time>2026-04-01T18:20:14.000Z</time></trkpt><trkpt lat="14.225981712341309" lon="121.16485595703125"><time>2026-04-01T18:20:15.000Z</time></trkpt><trkpt lat="14.225991249084473" lon="121.16487121582031"><time>2026-04-01T18:20:16.000Z</time></trkpt><trkpt lat="14.225995063781738" lon="121.1648941040039"><time>2026-04-01T18:20:17.000Z</time></trkpt><trkpt lat="14.226001739501953" lon="121.1649169921875"><time>2026-04-01T18:20:18.000Z</time></trkpt><trkpt lat="14.226008415222168" lon="121.16493225097656"><time>2026-04-01T18:20:19.000Z</time></trkpt><trkpt lat="14.22601318359375" lon="121.1649398803711"><time>2026-04-01T18:20:20.000Z</time></trkpt><trkpt lat="14.226016998291016" lon="121.16496276855469"><time>2026-04-01T18:20:21.000Z</time></trkpt><trkpt lat="14.226016998291016" lon="121.16498565673828"><time>2026-04-01T18:20:22.000Z</time></trkpt><trkpt lat="14.226021766662598" lon="121.16500091552734"><time>2026-04-01T18:20:23.000Z</time></trkpt><trkpt lat="14.226028442382812" lon="121.1650161743164"><time>2026-04-01T18:20:24.000Z</time></trkpt><trkpt lat="14.226035118103027" lon="121.1650390625"><time>2026-04-01T18:20:25.000Z</time></trkpt><trkpt lat="14.22603702545166" lon="121.16505432128906"><time>2026-04-01T18:20:26.000Z</time></trkpt><trkpt lat="14.226043701171875" lon="121.16507720947266"><time>2026-04-01T18:20:27.000Z</time></trkpt><trkpt lat="14.226048469543457" lon="121.16509246826172"><time>2026-04-01T18:20:28.000Z</time></trkpt><trkpt lat="14.226057052612305" lon="121.16510772705078"><time>2026-04-01T18:20:29.000Z</time></trkpt><trkpt lat="14.226064682006836" lon="121.16512298583984"><time>2026-04-01T18:20:30.000Z</time></trkpt><trkpt lat="14.22607135772705" lon="121.1651382446289"><time>2026-04-01T18:20:31.000Z</time></trkpt><trkpt lat="14.226075172424316" lon="121.1651611328125"><time>2026-04-01T18:20:32.000Z</time></trkpt><trkpt lat="14.226081848144531" lon="121.16517639160156"><time>2026-04-01T18:20:33.000Z</time></trkpt><trkpt lat="14.226086616516113" lon="121.16519165039062"><time>2026-04-01T18:20:34.000Z</time></trkpt><trkpt lat="14.226097106933594" lon="121.16521453857422"><time>2026-04-01T18:20:35.000Z</time></trkpt><trkpt lat="14.226110458374023" lon="121.16523742675781"><time>2026-04-01T18:20:36.000Z</time></trkpt><trkpt lat="14.22612190246582" lon="121.1652603149414"><time>2026-04-01T18:20:37.000Z</time></trkpt><trkpt lat="14.226129531860352" lon="121.16527557373047"><time>2026-04-01T18:20:38.000Z</time></trkpt><trkpt lat="14.2261381149292" lon="121.16529083251953"><time>2026-04-01T18:20:39.000Z</time></trkpt><trkpt lat="14.226149559020996" lon="121.1653060913086"><time>2026-04-01T18:20:40.000Z</time></trkpt><trkpt lat="14.22616195678711" lon="121.16532135009766"><time>2026-04-01T18:20:41.000Z</time></trkpt><trkpt lat="14.226173400878906" lon="121.16532897949219"><time>2026-04-01T18:20:42.000Z</time></trkpt><trkpt lat="14.226184844970703" lon="121.16534423828125"><time>2026-04-01T18:20:43.000Z</time></trkpt><trkpt lat="14.226202964782715" lon="121.16535186767578"><time>2026-04-01T18:20:44.000Z</time></trkpt><trkpt lat="14.22622013092041" lon="121.16535949707031"><time>2026-04-01T18:20:45.000Z</time></trkpt><trkpt lat="14.226236343383789" lon="121.16536712646484"><time>2026-04-01T18:20:46.000Z</time></trkpt><trkpt lat="14.226251602172852" lon="121.16536712646484"><time>2026-04-01T18:20:47.000Z</time></trkpt><trkpt lat="14.226273536682129" lon="121.16536712646484"><time>2026-04-01T18:20:48.000Z</time></trkpt><trkpt lat="14.226293563842773" lon="121.16537475585938"><time>2026-04-01T18:20:49.000Z</time></trkpt><trkpt lat="14.226313591003418" lon="121.16537475585938"><time>2026-04-01T18:20:50.000Z</time></trkpt><trkpt lat="14.226336479187012" lon="121.1653823852539"><time>2026-04-01T18:20:51.000Z</time></trkpt><trkpt lat="14.226358413696289" lon="121.1653823852539"><time>2026-04-01T18:20:52.000Z</time></trkpt><trkpt lat="14.226383209228516" lon="121.1653823852539"><time>2026-04-01T18:20:53.000Z</time></trkpt><trkpt lat="14.226405143737793" lon="121.16537475585938"><time>2026-04-01T18:20:54.000Z</time></trkpt><trkpt lat="14.22642707824707" lon="121.16537475585938"><time>2026-04-01T18:20:55.000Z</time></trkpt><trkpt lat="14.22644329071045" lon="121.16537475585938"><time>2026-04-01T18:20:56.000Z</time></trkpt><trkpt lat="14.226465225219727" lon="121.1653823852539"><time>2026-04-01T18:20:57.000Z</time></trkpt><trkpt lat="14.226486206054688" lon="121.16539001464844"><time>2026-04-01T18:20:58.000Z</time></trkpt><trkpt lat="14.226506233215332" lon="121.16539764404297"><time>2026-04-01T18:20:59.000Z</time></trkpt><trkpt lat="14.22652530670166" lon="121.16539764404297"><time>2026-04-01T18:21:00.000Z</time></trkpt><trkpt lat="14.226541519165039" lon="121.1654052734375"><time>2026-04-01T18:21:01.000Z</time></trkpt><trkpt lat="14.226558685302734" lon="121.16541290283203"><time>2026-04-01T18:21:02.000Z</time></trkpt><trkpt lat="14.226574897766113" lon="121.1654281616211"><time>2026-04-01T18:21:03.000Z</time></trkpt><trkpt lat="14.226588249206543" lon="121.16543579101562"><time>2026-04-01T18:21:04.000Z</time></trkpt><trkpt lat="14.226601600646973" lon="121.16545104980469"><time>2026-04-01T18:21:05.000Z</time></trkpt><trkpt lat="14.226612091064453" lon="121.16545867919922"><time>2026-04-01T18:21:06.000Z</time></trkpt><trkpt lat="14.226618766784668" lon="121.16548156738281"><time>2026-04-01T18:21:07.000Z</time></trkpt><trkpt lat="14.226625442504883" lon="121.16549682617188"><time>2026-04-01T18:21:08.000Z</time></trkpt><trkpt lat="14.226628303527832" lon="121.16551208496094"><time>2026-04-01T18:21:09.000Z</time></trkpt><trkpt lat="14.226634979248047" lon="121.16552734375"><time>2026-04-01T18:21:10.000Z</time></trkpt><trkpt lat="14.226638793945312" lon="121.16553497314453"><time>2026-04-01T18:21:11.000Z</time></trkpt><trkpt lat="14.226641654968262" lon="121.1655502319336"><time>2026-04-01T18:21:12.000Z</time></trkpt><trkpt lat="14.226641654968262" lon="121.16556549072266"><time>2026-04-01T18:21:13.000Z</time></trkpt><trkpt lat="14.226643562316895" lon="121.16558074951172"><time>2026-04-01T18:21:14.000Z</time></trkpt><trkpt lat="14.226646423339844" lon="121.16559600830078"><time>2026-04-01T18:21:15.000Z</time></trkpt><trkpt lat="14.22665023803711" lon="121.16561889648438"><time>2026-04-01T18:21:16.000Z</time></trkpt><trkpt lat="14.226656913757324" lon="121.16564178466797"><time>2026-04-01T18:21:17.000Z</time></trkpt><trkpt lat="14.226668357849121" lon="121.16566467285156"><time>2026-04-01T18:21:18.000Z</time></trkpt><trkpt lat="14.226676940917969" lon="121.16568756103516"><time>2026-04-01T18:21:19.000Z</time></trkpt><trkpt lat="14.226683616638184" lon="121.16570281982422"><time>2026-04-01T18:21:20.000Z</time></trkpt><trkpt lat="14.22669506072998" lon="121.16572570800781"><time>2026-04-01T18:21:21.000Z</time></trkpt><trkpt lat="14.226699829101562" lon="121.16574096679688"><time>2026-04-01T18:21:22.000Z</time></trkpt><trkpt lat="14.226703643798828" lon="121.16576385498047"><time>2026-04-01T18:21:23.000Z</time></trkpt><trkpt lat="14.226710319519043" lon="121.1657943725586"><time>2026-04-01T18:21:24.000Z</time></trkpt><trkpt lat="14.226715087890625" lon="121.16581726074219"><time>2026-04-01T18:21:25.000Z</time></trkpt><trkpt lat="14.22672176361084" lon="121.16583251953125"><time>2026-04-01T18:21:26.000Z</time></trkpt><trkpt lat="14.226726531982422" lon="121.16585540771484"><time>2026-04-01T18:21:27.000Z</time></trkpt><trkpt lat="14.226733207702637" lon="121.16587829589844"><time>2026-04-01T18:21:28.000Z</time></trkpt><trkpt lat="14.226741790771484" lon="121.16590118408203"><time>2026-04-01T18:21:29.000Z</time></trkpt><trkpt lat="14.226750373840332" lon="121.16592407226562"><time>2026-04-01T18:21:30.000Z</time></trkpt><trkpt lat="14.226755142211914" lon="121.16594696044922"><time>2026-04-01T18:21:31.000Z</time></trkpt><trkpt lat="14.226763725280762" lon="121.16596984863281"><time>2026-04-01T18:21:32.000Z</time></trkpt><trkpt lat="14.226770401000977" lon="121.1659927368164"><time>2026-04-01T18:21:33.000Z</time></trkpt><trkpt lat="14.226773262023926" lon="121.16600799560547"><time>2026-04-01T18:21:34.000Z</time></trkpt><trkpt lat="14.226781845092773" lon="121.16602325439453"><time>2026-04-01T18:21:35.000Z</time></trkpt><trkpt lat="14.226790428161621" lon="121.16604614257812"><time>2026-04-01T18:21:36.000Z</time></trkpt><trkpt lat="14.226797103881836" lon="121.16606140136719"><time>2026-04-01T18:21:37.000Z</time></trkpt><trkpt lat="14.226801872253418" lon="121.16607666015625"><time>2026-04-01T18:21:38.000Z</time></trkpt><trkpt lat="14.226806640625" lon="121.16609191894531"><time>2026-04-01T18:21:39.000Z</time></trkpt><trkpt lat="14.226810455322266" lon="121.16610717773438"><time>2026-04-01T18:21:40.000Z</time></trkpt><trkpt lat="14.22681713104248" lon="121.16613006591797"><time>2026-04-01T18:21:41.000Z</time></trkpt><trkpt lat="14.226821899414062" lon="121.16614532470703"><time>2026-04-01T18:21:42.000Z</time></trkpt><trkpt lat="14.226828575134277" lon="121.1661605834961"><time>2026-04-01T18:21:43.000Z</time></trkpt><trkpt lat="14.226835250854492" lon="121.16618347167969"><time>2026-04-01T18:21:44.000Z</time></trkpt><trkpt lat="14.226840019226074" lon="121.16619873046875"><time>2026-04-01T18:21:45.000Z</time></trkpt><trkpt lat="14.226846694946289" lon="121.16622161865234"><time>2026-04-01T18:21:46.000Z</time></trkpt><trkpt lat="14.226849555969238" lon="121.16624450683594"><time>2026-04-01T18:21:47.000Z</time></trkpt><trkpt lat="14.226856231689453" lon="121.166259765625"><time>2026-04-01T18:21:48.000Z</time></trkpt><trkpt lat="14.226869583129883" lon="121.16629791259766"><time>2026-04-01T18:21:49.000Z</time></trkpt><trkpt lat="14.226873397827148" lon="121.16631317138672"><time>2026-04-01T18:21:50.000Z</time></trkpt><trkpt lat="14.226881980895996" lon="121.16632080078125"><time>2026-04-01T18:21:51.000Z</time></trkpt><trkpt lat="14.226888656616211" lon="121.16633605957031"><time>2026-04-01T18:21:52.000Z</time></trkpt><trkpt lat="14.226893424987793" lon="121.16634368896484"><time>2026-04-01T18:21:53.000Z</time></trkpt><trkpt lat="14.226902961730957" lon="121.16636657714844"><time>2026-04-01T18:21:54.000Z</time></trkpt><trkpt lat="14.22691535949707" lon="121.16638946533203"><time>2026-04-01T18:21:55.000Z</time></trkpt><trkpt lat="14.226922988891602" lon="121.16641235351562"><time>2026-04-01T18:21:56.000Z</time></trkpt><trkpt lat="14.22693157196045" lon="121.16643524169922"><time>2026-04-01T18:21:57.000Z</time></trkpt><trkpt lat="14.226940155029297" lon="121.16645050048828"><time>2026-04-01T18:21:58.000Z</time></trkpt><trkpt lat="14.226948738098145" lon="121.16647338867188"><time>2026-04-01T18:21:59.000Z</time></trkpt><trkpt lat="14.22695541381836" lon="121.16648864746094"><time>2026-04-01T18:22:00.000Z</time></trkpt><trkpt lat="14.226964950561523" lon="121.16650390625"><time>2026-04-01T18:22:01.000Z</time></trkpt><trkpt lat="14.226975440979004" lon="121.16651916503906"><time>2026-04-01T18:22:02.000Z</time></trkpt><trkpt lat="14.226983070373535" lon="121.1665267944336"><time>2026-04-01T18:22:03.000Z</time></trkpt><trkpt lat="14.22698974609375" lon="121.16654968261719"><time>2026-04-01T18:22:04.000Z</time></trkpt><trkpt lat="14.226995468139648" lon="121.16654968261719"><time>2026-04-01T18:22:05.000Z</time></trkpt><trkpt lat="14.226998329162598" lon="121.16655731201172"><time>2026-04-01T18:22:06.000Z</time></trkpt><trkpt lat="14.227005004882812" lon="121.16656494140625"><time>2026-04-01T18:22:07.000Z</time></trkpt><trkpt lat="14.227009773254395" lon="121.16658020019531"><time>2026-04-01T18:22:08.000Z</time></trkpt><trkpt lat="14.22701358795166" lon="121.1666030883789"><time>2026-04-01T18:22:09.000Z</time></trkpt><trkpt lat="14.227014541625977" lon="121.16663360595703"><time>2026-04-01T18:22:10.000Z</time></trkpt><trkpt lat="14.227018356323242" lon="121.16665649414062"><time>2026-04-01T18:22:11.000Z</time></trkpt><trkpt lat="14.227014541625977" lon="121.16668701171875"><time>2026-04-01T18:22:12.000Z</time></trkpt><trkpt lat="14.227014541625977" lon="121.16669464111328"><time>2026-04-01T18:22:13.000Z</time></trkpt><trkpt lat="14.227018356323242" lon="121.16670989990234"><time>2026-04-01T18:22:14.000Z</time></trkpt><trkpt lat="14.227025032043457" lon="121.1667251586914"><time>2026-04-01T18:22:15.000Z</time></trkpt><trkpt lat="14.227033615112305" lon="121.166748046875"><time>2026-04-01T18:22:16.000Z</time></trkpt><trkpt lat="14.227043151855469" lon="121.16676330566406"><time>2026-04-01T18:22:17.000Z</time></trkpt><trkpt lat="14.22705364227295" lon="121.16679382324219"><time>2026-04-01T18:22:18.000Z</time></trkpt><trkpt lat="14.227060317993164" lon="121.16682434082031"><time>2026-04-01T18:22:19.000Z</time></trkpt><trkpt lat="14.227063179016113" lon="121.16685485839844"><time>2026-04-01T18:22:20.000Z</time></trkpt><trkpt lat="14.22706127166748" lon="121.1668701171875"><time>2026-04-01T18:22:21.000Z</time></trkpt><trkpt lat="14.227060317993164" lon="121.1668930053711"><time>2026-04-01T18:22:22.000Z</time></trkpt><trkpt lat="14.227065086364746" lon="121.16691589355469"><time>2026-04-01T18:22:23.000Z</time></trkpt><trkpt lat="14.227071762084961" lon="121.16693878173828"><time>2026-04-01T18:22:24.000Z</time></trkpt><trkpt lat="14.227083206176758" lon="121.16696166992188"><time>2026-04-01T18:22:25.000Z</time></trkpt><trkpt lat="14.227093696594238" lon="121.16698455810547"><time>2026-04-01T18:22:26.000Z</time></trkpt><trkpt lat="14.227109909057617" lon="121.16700744628906"><time>2026-04-01T18:22:27.000Z</time></trkpt><trkpt lat="14.22712516784668" lon="121.16703796386719"><time>2026-04-01T18:22:28.000Z</time></trkpt><trkpt lat="14.227136611938477" lon="121.16706848144531"><time>2026-04-01T18:22:29.000Z</time></trkpt><trkpt lat="14.227145195007324" lon="121.1670913696289"><time>2026-04-01T18:22:30.000Z</time></trkpt><trkpt lat="14.227154731750488" lon="121.16710662841797"><time>2026-04-01T18:22:31.000Z</time></trkpt><trkpt lat="14.227163314819336" lon="121.16712951660156"><time>2026-04-01T18:22:32.000Z</time></trkpt><trkpt lat="14.227171897888184" lon="121.16715240478516"><time>2026-04-01T18:22:33.000Z</time></trkpt><trkpt lat="14.227176666259766" lon="121.16716766357422"><time>2026-04-01T18:22:34.000Z</time></trkpt><trkpt lat="14.227181434631348" lon="121.16718292236328"><time>2026-04-01T18:22:35.000Z</time></trkpt><trkpt lat="14.227190017700195" lon="121.16719818115234"><time>2026-04-01T18:22:36.000Z</time></trkpt><trkpt lat="14.227194786071777" lon="121.1672134399414"><time>2026-04-01T18:22:37.000Z</time></trkpt><trkpt lat="14.227201461791992" lon="121.16722869873047"><time>2026-04-01T18:22:38.000Z</time></trkpt><trkpt lat="14.22721004486084" lon="121.16724395751953"><time>2026-04-01T18:22:39.000Z</time></trkpt><trkpt lat="14.227211952209473" lon="121.16726684570312"><time>2026-04-01T18:22:40.000Z</time></trkpt><trkpt lat="14.227216720581055" lon="121.16728210449219"><time>2026-04-01T18:22:41.000Z</time></trkpt><trkpt lat="14.227219581604004" lon="121.16730499267578"><time>2026-04-01T18:22:42.000Z</time></trkpt><trkpt lat="14.227221488952637" lon="121.16732025146484"><time>2026-04-01T18:22:43.000Z</time></trkpt><trkpt lat="14.227226257324219" lon="121.1673355102539"><time>2026-04-01T18:22:44.000Z</time></trkpt><trkpt lat="14.227231979370117" lon="121.16734313964844"><time>2026-04-01T18:22:45.000Z</time></trkpt><trkpt lat="14.2272367477417" lon="121.16736602783203"><time>2026-04-01T18:22:46.000Z</time></trkpt><trkpt lat="14.227241516113281" lon="121.16738891601562"><time>2026-04-01T18:22:47.000Z</time></trkpt><trkpt lat="14.227248191833496" lon="121.16741180419922"><time>2026-04-01T18:22:48.000Z</time></trkpt><trkpt lat="14.227254867553711" lon="121.16742706298828"><time>2026-04-01T18:22:49.000Z</time></trkpt><trkpt lat="14.227259635925293" lon="121.1674575805664"><time>2026-04-01T18:22:50.000Z</time></trkpt><trkpt lat="14.227256774902344" lon="121.16748046875"><time>2026-04-01T18:22:51.000Z</time></trkpt><trkpt lat="14.227261543273926" lon="121.16749572753906"><time>2026-04-01T18:22:52.000Z</time></trkpt><trkpt lat="14.227270126342773" lon="121.16751861572266"><time>2026-04-01T18:22:53.000Z</time></trkpt><trkpt lat="14.227279663085938" lon="121.16754913330078"><time>2026-04-01T18:22:54.000Z</time></trkpt><trkpt lat="14.227286338806152" lon="121.16756439208984"><time>2026-04-01T18:22:55.000Z</time></trkpt><trkpt lat="14.227290153503418" lon="121.1675796508789"><time>2026-04-01T18:22:56.000Z</time></trkpt><trkpt lat="14.227293014526367" lon="121.16759490966797"><time>2026-04-01T18:22:57.000Z</time></trkpt><trkpt lat="14.227296829223633" lon="121.16761779785156"><time>2026-04-01T18:22:58.000Z</time></trkpt><trkpt lat="14.22730541229248" lon="121.16764068603516"><time>2026-04-01T18:22:59.000Z</time></trkpt><trkpt lat="14.22730827331543" lon="121.16765594482422"><time>2026-04-01T18:23:00.000Z</time></trkpt><trkpt lat="14.227314949035645" lon="121.16767120361328"><time>2026-04-01T18:23:01.000Z</time></trkpt><trkpt lat="14.227326393127441" lon="121.16769409179688"><time>2026-04-01T18:23:02.000Z</time></trkpt><trkpt lat="14.227338790893555" lon="121.16770935058594"><time>2026-04-01T18:23:03.000Z</time></trkpt><trkpt lat="14.227350234985352" lon="121.16773986816406"><time>2026-04-01T18:23:04.000Z</time></trkpt><trkpt lat="14.227361679077148" lon="121.16776275634766"><time>2026-04-01T18:23:05.000Z</time></trkpt><trkpt lat="14.227371215820312" lon="121.16778564453125"><time>2026-04-01T18:23:06.000Z</time></trkpt><trkpt lat="14.227381706237793" lon="121.16781616210938"><time>2026-04-01T18:23:07.000Z</time></trkpt><trkpt lat="14.227396965026855" lon="121.1678466796875"><time>2026-04-01T18:23:08.000Z</time></trkpt><trkpt lat="14.227408409118652" lon="121.16787719726562"><time>2026-04-01T18:23:09.000Z</time></trkpt><trkpt lat="14.227417945861816" lon="121.16790771484375"><time>2026-04-01T18:23:10.000Z</time></trkpt><trkpt lat="14.22743034362793" lon="121.16793823242188"><time>2026-04-01T18:23:11.000Z</time></trkpt><trkpt lat="14.227439880371094" lon="121.16796875"><time>2026-04-01T18:23:12.000Z</time></trkpt><trkpt lat="14.227446556091309" lon="121.1679916381836"><time>2026-04-01T18:23:13.000Z</time></trkpt><trkpt lat="14.227453231811523" lon="121.16800689697266"><time>2026-04-01T18:23:14.000Z</time></trkpt><trkpt lat="14.227461814880371" lon="121.16802978515625"><time>2026-04-01T18:23:15.000Z</time></trkpt><trkpt lat="14.227468490600586" lon="121.16804504394531"><time>2026-04-01T18:23:16.000Z</time></trkpt><trkpt lat="14.227471351623535" lon="121.16806030273438"><time>2026-04-01T18:23:17.000Z</time></trkpt><trkpt lat="14.227477073669434" lon="121.16807556152344"><time>2026-04-01T18:23:18.000Z</time></trkpt><trkpt lat="14.227483749389648" lon="121.1680908203125"><time>2026-04-01T18:23:19.000Z</time></trkpt><trkpt lat="14.22749137878418" lon="121.16810607910156"><time>2026-04-01T18:23:20.000Z</time></trkpt><trkpt lat="14.227497100830078" lon="121.16812896728516"><time>2026-04-01T18:23:21.000Z</time></trkpt><trkpt lat="14.22750186920166" lon="121.16814422607422"><time>2026-04-01T18:23:22.000Z</time></trkpt><trkpt lat="14.227508544921875" lon="121.16816711425781"><time>2026-04-01T18:23:23.000Z</time></trkpt><trkpt lat="14.227513313293457" lon="121.16818237304688"><time>2026-04-01T18:23:24.000Z</time></trkpt><trkpt lat="14.227521896362305" lon="121.16819763183594"><time>2026-04-01T18:23:25.000Z</time></trkpt><trkpt lat="14.227526664733887" lon="121.168212890625"><time>2026-04-01T18:23:26.000Z</time></trkpt><trkpt lat="14.227531433105469" lon="121.16822814941406"><time>2026-04-01T18:23:27.000Z</time></trkpt><trkpt lat="14.22754192352295" lon="121.16825103759766"><time>2026-04-01T18:23:28.000Z</time></trkpt><trkpt lat="14.227546691894531" lon="121.16826629638672"><time>2026-04-01T18:23:29.000Z</time></trkpt><trkpt lat="14.22754955291748" lon="121.16828918457031"><time>2026-04-01T18:23:30.000Z</time></trkpt><trkpt lat="14.227555274963379" lon="121.16830444335938"><time>2026-04-01T18:23:31.000Z</time></trkpt><trkpt lat="14.22756290435791" lon="121.1683120727539"><time>2026-04-01T18:23:32.000Z</time></trkpt><trkpt lat="14.227569580078125" lon="121.16832733154297"><time>2026-04-01T18:23:33.000Z</time></trkpt><trkpt lat="14.22757625579834" lon="121.16834259033203"><time>2026-04-01T18:23:34.000Z</time></trkpt><trkpt lat="14.227584838867188" lon="121.1683578491211"><time>2026-04-01T18:23:35.000Z</time></trkpt><trkpt lat="14.227596282958984" lon="121.16838073730469"><time>2026-04-01T18:23:36.000Z</time></trkpt><trkpt lat="14.227604866027832" lon="121.16841125488281"><time>2026-04-01T18:23:37.000Z</time></trkpt><trkpt lat="14.227604866027832" lon="121.1684341430664"><time>2026-04-01T18:23:38.000Z</time></trkpt><trkpt lat="14.227606773376465" lon="121.16844940185547"><time>2026-04-01T18:23:39.000Z</time></trkpt><trkpt lat="14.227604866027832" lon="121.16847229003906"><time>2026-04-01T18:23:40.000Z</time></trkpt><trkpt lat="14.227609634399414" lon="121.16849517822266"><time>2026-04-01T18:23:41.000Z</time></trkpt><trkpt lat="14.227609634399414" lon="121.16851043701172"><time>2026-04-01T18:23:42.000Z</time></trkpt><trkpt lat="14.227609634399414" lon="121.16853332519531"><time>2026-04-01T18:23:43.000Z</time></trkpt><trkpt lat="14.22761344909668" lon="121.1685562133789"><time>2026-04-01T18:23:44.000Z</time></trkpt><trkpt lat="14.227616310119629" lon="121.1685791015625"><time>2026-04-01T18:23:45.000Z</time></trkpt><trkpt lat="14.227624893188477" lon="121.16860961914062"><time>2026-04-01T18:23:46.000Z</time></trkpt><trkpt lat="14.227633476257324" lon="121.16864013671875"><time>2026-04-01T18:23:47.000Z</time></trkpt><trkpt lat="14.227638244628906" lon="121.16866302490234"><time>2026-04-01T18:23:48.000Z</time></trkpt><trkpt lat="14.227643013000488" lon="121.16868591308594"><time>2026-04-01T18:23:49.000Z</time></trkpt><trkpt lat="14.227648735046387" lon="121.16870880126953"><time>2026-04-01T18:23:50.000Z</time></trkpt><trkpt lat="14.227649688720703" lon="121.1687240600586"><time>2026-04-01T18:23:51.000Z</time></trkpt><trkpt lat="14.227653503417969" lon="121.16873168945312"><time>2026-04-01T18:23:52.000Z</time></trkpt><trkpt lat="14.227655410766602" lon="121.16874694824219"><time>2026-04-01T18:23:53.000Z</time></trkpt><trkpt lat="14.227662086486816" lon="121.16876220703125"><time>2026-04-01T18:23:54.000Z</time></trkpt><trkpt lat="14.227666854858398" lon="121.16878509521484"><time>2026-04-01T18:23:55.000Z</time></trkpt><trkpt lat="14.227669715881348" lon="121.1688003540039"><time>2026-04-01T18:23:56.000Z</time></trkpt><trkpt lat="14.227675437927246" lon="121.16880798339844"><time>2026-04-01T18:23:57.000Z</time></trkpt><trkpt lat="14.227675437927246" lon="121.1688232421875"><time>2026-04-01T18:23:58.000Z</time></trkpt><trkpt lat="14.227678298950195" lon="121.1688461303711"><time>2026-04-01T18:23:59.000Z</time></trkpt><trkpt lat="14.227683067321777" lon="121.16886901855469"><time>2026-04-01T18:24:00.000Z</time></trkpt><trkpt lat="14.227688789367676" lon="121.16888427734375"><time>2026-04-01T18:24:01.000Z</time></trkpt><trkpt lat="14.22769546508789" lon="121.16890716552734"><time>2026-04-01T18:24:02.000Z</time></trkpt><trkpt lat="14.227702140808105" lon="121.16893768310547"><time>2026-04-01T18:24:03.000Z</time></trkpt><trkpt lat="14.227709770202637" lon="121.16896057128906"><time>2026-04-01T18:24:04.000Z</time></trkpt><trkpt lat="14.227713584899902" lon="121.16898345947266"><time>2026-04-01T18:24:05.000Z</time></trkpt><trkpt lat="14.227716445922852" lon="121.16899871826172"><time>2026-04-01T18:24:06.000Z</time></trkpt><trkpt lat="14.227718353271484" lon="121.16902160644531"><time>2026-04-01T18:24:07.000Z</time></trkpt><trkpt lat="14.227723121643066" lon="121.16905212402344"><time>2026-04-01T18:24:08.000Z</time></trkpt><trkpt lat="14.227723121643066" lon="121.16907501220703"><time>2026-04-01T18:24:09.000Z</time></trkpt><trkpt lat="14.227727890014648" lon="121.16909790039062"><time>2026-04-01T18:24:10.000Z</time></trkpt><trkpt lat="14.227727890014648" lon="121.16912078857422"><time>2026-04-01T18:24:11.000Z</time></trkpt><trkpt lat="14.227734565734863" lon="121.16914367675781"><time>2026-04-01T18:24:12.000Z</time></trkpt><trkpt lat="14.227740287780762" lon="121.1691665649414"><time>2026-04-01T18:24:13.000Z</time></trkpt><trkpt lat="14.227743148803711" lon="121.16919708251953"><time>2026-04-01T18:24:14.000Z</time></trkpt><trkpt lat="14.227747917175293" lon="121.16921997070312"><time>2026-04-01T18:24:15.000Z</time></trkpt><trkpt lat="14.227754592895508" lon="121.16924285888672"><time>2026-04-01T18:24:16.000Z</time></trkpt><trkpt lat="14.227761268615723" lon="121.16926574707031"><time>2026-04-01T18:24:17.000Z</time></trkpt><trkpt lat="14.227766990661621" lon="121.1692886352539"><time>2026-04-01T18:24:18.000Z</time></trkpt><trkpt lat="14.22776985168457" lon="121.16930389404297"><time>2026-04-01T18:24:19.000Z</time></trkpt><trkpt lat="14.227771759033203" lon="121.16931915283203"><time>2026-04-01T18:24:20.000Z</time></trkpt><trkpt lat="14.22776985168457" lon="121.1693344116211"><time>2026-04-01T18:24:21.000Z</time></trkpt><trkpt lat="14.227765083312988" lon="121.16934204101562"><time>2026-04-01T18:24:22.000Z</time></trkpt><trkpt lat="14.227761268615723" lon="121.16935729980469"><time>2026-04-01T18:24:23.000Z</time></trkpt><trkpt lat="14.227763175964355" lon="121.16936492919922"><time>2026-04-01T18:24:24.000Z</time></trkpt><trkpt lat="14.227745056152344" lon="121.16936492919922"><time>2026-04-01T18:24:25.000Z</time></trkpt><trkpt lat="14.227745056152344" lon="121.16937255859375"><time>2026-04-01T18:24:26.000Z</time></trkpt><trkpt lat="14.227749824523926" lon="121.16938018798828"><time>2026-04-01T18:24:27.000Z</time></trkpt><trkpt lat="14.227749824523926" lon="121.16937255859375"><time>2026-04-01T18:24:28.000Z</time></trkpt><trkpt lat="14.227749824523926" lon="121.16936492919922"><time>2026-04-01T18:24:30.000Z</time></trkpt><trkpt lat="14.227749824523926" lon="121.16934967041016"><time>2026-04-01T18:24:31.000Z</time></trkpt><trkpt lat="14.227751731872559" lon="121.16934204101562"><time>2026-04-01T18:24:32.000Z</time></trkpt><trkpt lat="14.227749824523926" lon="121.16932678222656"><time>2026-04-01T18:24:33.000Z</time></trkpt><trkpt lat="14.227749824523926" lon="121.1693115234375"><time>2026-04-01T18:24:34.000Z</time></trkpt><trkpt lat="14.227745056152344" lon="121.16929626464844"><time>2026-04-01T18:24:35.000Z</time></trkpt><trkpt lat="14.227741241455078" lon="121.16927337646484"><time>2026-04-01T18:24:36.000Z</time></trkpt><trkpt lat="14.227738380432129" lon="121.16925811767578"><time>2026-04-01T18:24:37.000Z</time></trkpt><trkpt lat="14.227740287780762" lon="121.16923522949219"><time>2026-04-01T18:24:38.000Z</time></trkpt><trkpt lat="14.227738380432129" lon="121.16921997070312"><time>2026-04-01T18:24:39.000Z</time></trkpt><trkpt lat="14.227736473083496" lon="121.16920471191406"><time>2026-04-01T18:24:40.000Z</time></trkpt><trkpt lat="14.227729797363281" lon="121.16918182373047"><time>2026-04-01T18:24:41.000Z</time></trkpt><trkpt lat="14.227726936340332" lon="121.1691665649414"><time>2026-04-01T18:24:42.000Z</time></trkpt><trkpt lat="14.227723121643066" lon="121.16914367675781"><time>2026-04-01T18:24:43.000Z</time></trkpt><trkpt lat="14.227721214294434" lon="121.16913604736328"><time>2026-04-01T18:24:44.000Z</time></trkpt><trkpt lat="14.227720260620117" lon="121.16911315917969"><time>2026-04-01T18:24:45.000Z</time></trkpt><trkpt lat="14.227718353271484" lon="121.16909790039062"><time>2026-04-01T18:24:46.000Z</time></trkpt><trkpt lat="14.227714538574219" lon="121.16907501220703"><time>2026-04-01T18:24:47.000Z</time></trkpt><trkpt lat="14.227714538574219" lon="121.16905212402344"><time>2026-04-01T18:24:48.000Z</time></trkpt><trkpt lat="14.227714538574219" lon="121.16902923583984"><time>2026-04-01T18:24:49.000Z</time></trkpt><trkpt lat="14.227714538574219" lon="121.16900634765625"><time>2026-04-01T18:24:50.000Z</time></trkpt><trkpt lat="14.22771167755127" lon="121.16898345947266"><time>2026-04-01T18:24:51.000Z</time></trkpt><trkpt lat="14.227706909179688" lon="121.16896057128906"><time>2026-04-01T18:24:52.000Z</time></trkpt><trkpt lat="14.227709770202637" lon="121.1689453125"><time>2026-04-01T18:24:53.000Z</time></trkpt><trkpt lat="14.227709770202637" lon="121.16893005371094"><time>2026-04-01T18:24:54.000Z</time></trkpt><trkpt lat="14.22771167755127" lon="121.16890716552734"><time>2026-04-01T18:24:55.000Z</time></trkpt><trkpt lat="14.227709770202637" lon="121.16888427734375"><time>2026-04-01T18:24:56.000Z</time></trkpt><trkpt lat="14.227707862854004" lon="121.16886138916016"><time>2026-04-01T18:24:57.000Z</time></trkpt><trkpt lat="14.227703094482422" lon="121.16883850097656"><time>2026-04-01T18:24:58.000Z</time></trkpt><trkpt lat="14.227702140808105" lon="121.1688232421875"><time>2026-04-01T18:24:59.000Z</time></trkpt><trkpt lat="14.227702140808105" lon="121.16880798339844"><time>2026-04-01T18:25:00.000Z</time></trkpt><trkpt lat="14.227702140808105" lon="121.16879272460938"><time>2026-04-01T18:25:01.000Z</time></trkpt><trkpt lat="14.227702140808105" lon="121.16876983642578"><time>2026-04-01T18:25:02.000Z</time></trkpt><trkpt lat="14.227696418762207" lon="121.16874694824219"><time>2026-04-01T18:25:03.000Z</time></trkpt><trkpt lat="14.227696418762207" lon="121.16873168945312"><time>2026-04-01T18:25:04.000Z</time></trkpt><trkpt lat="14.227688789367676" lon="121.16871643066406"><time>2026-04-01T18:25:05.000Z</time></trkpt><trkpt lat="14.227675437927246" lon="121.16869354248047"><time>2026-04-01T18:25:06.000Z</time></trkpt><trkpt lat="14.227669715881348" lon="121.1686782836914"><time>2026-04-01T18:25:07.000Z</time></trkpt><trkpt lat="14.227656364440918" lon="121.16865539550781"><time>2026-04-01T18:25:08.000Z</time></trkpt><trkpt lat="14.227648735046387" lon="121.16863250732422"><time>2026-04-01T18:25:09.000Z</time></trkpt><trkpt lat="14.227640151977539" lon="121.16860961914062"><time>2026-04-01T18:25:10.000Z</time></trkpt><trkpt lat="14.227633476257324" lon="121.16858673095703"><time>2026-04-01T18:25:11.000Z</time></trkpt><trkpt lat="14.227628707885742" lon="121.16857147216797"><time>2026-04-01T18:25:12.000Z</time></trkpt><trkpt lat="14.227622985839844" lon="121.16854858398438"><time>2026-04-01T18:25:13.000Z</time></trkpt><trkpt lat="14.227615356445312" lon="121.16853332519531"><time>2026-04-01T18:25:14.000Z</time></trkpt><trkpt lat="14.227609634399414" lon="121.16851043701172"><time>2026-04-01T18:25:15.000Z</time></trkpt><trkpt lat="14.227604866027832" lon="121.16848754882812"><time>2026-04-01T18:25:16.000Z</time></trkpt><trkpt lat="14.227602005004883" lon="121.16846466064453"><time>2026-04-01T18:25:17.000Z</time></trkpt><trkpt lat="14.22760009765625" lon="121.16844940185547"><time>2026-04-01T18:25:18.000Z</time></trkpt><trkpt lat="14.227595329284668" lon="121.16842651367188"><time>2026-04-01T18:25:19.000Z</time></trkpt><trkpt lat="14.227591514587402" lon="121.16841125488281"><time>2026-04-01T18:25:20.000Z</time></trkpt><trkpt lat="14.227588653564453" lon="121.16839599609375"><time>2026-04-01T18:25:21.000Z</time></trkpt><trkpt lat="14.227580070495605" lon="121.16838073730469"><time>2026-04-01T18:25:22.000Z</time></trkpt><trkpt lat="14.227571487426758" lon="121.1683578491211"><time>2026-04-01T18:25:23.000Z</time></trkpt><trkpt lat="14.227561950683594" lon="121.1683349609375"><time>2026-04-01T18:25:24.000Z</time></trkpt><trkpt lat="14.227553367614746" lon="121.1683120727539"><time>2026-04-01T18:25:25.000Z</time></trkpt><trkpt lat="14.22754955291748" lon="121.16828155517578"><time>2026-04-01T18:25:26.000Z</time></trkpt><trkpt lat="14.227538108825684" lon="121.16825866699219"><time>2026-04-01T18:25:27.000Z</time></trkpt><trkpt lat="14.227529525756836" lon="121.16822814941406"><time>2026-04-01T18:25:28.000Z</time></trkpt><trkpt lat="14.227524757385254" lon="121.1681900024414"><time>2026-04-01T18:25:29.000Z</time></trkpt><trkpt lat="14.22751522064209" lon="121.16815185546875"><time>2026-04-01T18:25:30.000Z</time></trkpt><trkpt lat="14.227506637573242" lon="121.16812133789062"><time>2026-04-01T18:25:31.000Z</time></trkpt><trkpt lat="14.227499961853027" lon="121.1680908203125"><time>2026-04-01T18:25:32.000Z</time></trkpt><trkpt lat="14.22748851776123" lon="121.1680679321289"><time>2026-04-01T18:25:33.000Z</time></trkpt><trkpt lat="14.227483749389648" lon="121.16804504394531"><time>2026-04-01T18:25:34.000Z</time></trkpt><trkpt lat="14.227479934692383" lon="121.16802978515625"><time>2026-04-01T18:25:35.000Z</time></trkpt><trkpt lat="14.227470397949219" lon="121.16800689697266"><time>2026-04-01T18:25:36.000Z</time></trkpt><trkpt lat="14.227463722229004" lon="121.16798400878906"><time>2026-04-01T18:25:37.000Z</time></trkpt><trkpt lat="14.227457046508789" lon="121.16796112060547"><time>2026-04-01T18:25:38.000Z</time></trkpt><trkpt lat="14.227448463439941" lon="121.16793823242188"><time>2026-04-01T18:25:39.000Z</time></trkpt><trkpt lat="14.227439880371094" lon="121.16792297363281"><time>2026-04-01T18:25:40.000Z</time></trkpt><trkpt lat="14.227435111999512" lon="121.16790771484375"><time>2026-04-01T18:25:41.000Z</time></trkpt><trkpt lat="14.22743034362793" lon="121.16789245605469"><time>2026-04-01T18:25:42.000Z</time></trkpt><trkpt lat="14.227424621582031" lon="121.16787719726562"><time>2026-04-01T18:25:43.000Z</time></trkpt><trkpt lat="14.227415084838867" lon="121.1678695678711"><time>2026-04-01T18:25:44.000Z</time></trkpt><trkpt lat="14.22740650177002" lon="121.1678466796875"><time>2026-04-01T18:25:45.000Z</time></trkpt><trkpt lat="14.227401733398438" lon="121.16783142089844"><time>2026-04-01T18:25:46.000Z</time></trkpt><trkpt lat="14.227395057678223" lon="121.16780853271484"><time>2026-04-01T18:25:47.000Z</time></trkpt><trkpt lat="14.227388381958008" lon="121.16777801513672"><time>2026-04-01T18:25:48.000Z</time></trkpt><trkpt lat="14.22737979888916" lon="121.16775512695312"><time>2026-04-01T18:25:49.000Z</time></trkpt><trkpt lat="14.227371215820312" lon="121.16773223876953"><time>2026-04-01T18:25:50.000Z</time></trkpt><trkpt lat="14.227363586425781" lon="121.16770935058594"><time>2026-04-01T18:25:51.000Z</time></trkpt><trkpt lat="14.2273530960083" lon="121.16768646240234"><time>2026-04-01T18:25:52.000Z</time></trkpt><trkpt lat="14.227339744567871" lon="121.16766357421875"><time>2026-04-01T18:25:53.000Z</time></trkpt><trkpt lat="14.227328300476074" lon="121.16764068603516"><time>2026-04-01T18:25:54.000Z</time></trkpt><trkpt lat="14.22732162475586" lon="121.1676254272461"><time>2026-04-01T18:25:55.000Z</time></trkpt><trkpt lat="14.227316856384277" lon="121.1676025390625"><time>2026-04-01T18:25:56.000Z</time></trkpt><trkpt lat="14.22730827331543" lon="121.1675796508789"><time>2026-04-01T18:25:57.000Z</time></trkpt><trkpt lat="14.227301597595215" lon="121.16754913330078"><time>2026-04-01T18:25:58.000Z</time></trkpt><trkpt lat="14.227296829223633" lon="121.16753387451172"><time>2026-04-01T18:25:59.000Z</time></trkpt><trkpt lat="14.227286338806152" lon="121.16751098632812"><time>2026-04-01T18:26:00.000Z</time></trkpt><trkpt lat="14.227278709411621" lon="121.16749572753906"><time>2026-04-01T18:26:01.000Z</time></trkpt><trkpt lat="14.227270126342773" lon="121.16748046875"><time>2026-04-01T18:26:02.000Z</time></trkpt><trkpt lat="14.227263450622559" lon="121.1674575805664"><time>2026-04-01T18:26:03.000Z</time></trkpt><trkpt lat="14.227254867553711" lon="121.16744995117188"><time>2026-04-01T18:26:04.000Z</time></trkpt><trkpt lat="14.227250099182129" lon="121.16742706298828"><time>2026-04-01T18:26:05.000Z</time></trkpt><trkpt lat="14.227250099182129" lon="121.16739654541016"><time>2026-04-01T18:26:06.000Z</time></trkpt><trkpt lat="14.227246284484863" lon="121.16737365722656"><time>2026-04-01T18:26:07.000Z</time></trkpt><trkpt lat="14.227243423461914" lon="121.16734313964844"><time>2026-04-01T18:26:08.000Z</time></trkpt><trkpt lat="14.2272367477417" lon="121.16731262207031"><time>2026-04-01T18:26:09.000Z</time></trkpt><trkpt lat="14.227228164672852" lon="121.16728210449219"><time>2026-04-01T18:26:10.000Z</time></trkpt><trkpt lat="14.227219581604004" lon="121.1672592163086"><time>2026-04-01T18:26:11.000Z</time></trkpt><trkpt lat="14.22721004486084" lon="121.167236328125"><time>2026-04-01T18:26:12.000Z</time></trkpt><trkpt lat="14.227198600769043" lon="121.1672134399414"><time>2026-04-01T18:26:13.000Z</time></trkpt><trkpt lat="14.227191925048828" lon="121.16719055175781"><time>2026-04-01T18:26:14.000Z</time></trkpt><trkpt lat="14.22718620300293" lon="121.16717529296875"><time>2026-04-01T18:26:15.000Z</time></trkpt><trkpt lat="14.227178573608398" lon="121.1671371459961"><time>2026-04-01T18:26:16.000Z</time></trkpt><trkpt lat="14.22716999053955" lon="121.1671142578125"><time>2026-04-01T18:26:17.000Z</time></trkpt><trkpt lat="14.227165222167969" lon="121.1670913696289"><time>2026-04-01T18:26:18.000Z</time></trkpt><trkpt lat="14.227154731750488" lon="121.16706848144531"><time>2026-04-01T18:26:19.000Z</time></trkpt><trkpt lat="14.227147102355957" lon="121.16705322265625"><time>2026-04-01T18:26:20.000Z</time></trkpt><trkpt lat="14.227140426635742" lon="121.16703796386719"><time>2026-04-01T18:26:21.000Z</time></trkpt><trkpt lat="14.227136611938477" lon="121.16702270507812"><time>2026-04-01T18:26:22.000Z</time></trkpt><trkpt lat="14.22712516784668" lon="121.16700744628906"><time>2026-04-01T18:26:23.000Z</time></trkpt><trkpt lat="14.227120399475098" lon="121.1669921875"><time>2026-04-01T18:26:24.000Z</time></trkpt><trkpt lat="14.22711181640625" lon="121.16697692871094"><time>2026-04-01T18:26:25.000Z</time></trkpt><trkpt lat="14.227105140686035" lon="121.16696166992188"><time>2026-04-01T18:26:26.000Z</time></trkpt><trkpt lat="14.22709846496582" lon="121.16693878173828"><time>2026-04-01T18:26:27.000Z</time></trkpt><trkpt lat="14.227093696594238" lon="121.16691589355469"><time>2026-04-01T18:26:28.000Z</time></trkpt><trkpt lat="14.227087020874023" lon="121.1668930053711"><time>2026-04-01T18:26:29.000Z</time></trkpt><trkpt lat="14.227078437805176" lon="121.1668701171875"><time>2026-04-01T18:26:30.000Z</time></trkpt><trkpt lat="14.227069854736328" lon="121.16683959960938"><time>2026-04-01T18:26:31.000Z</time></trkpt><trkpt lat="14.227065086364746" lon="121.16680908203125"><time>2026-04-01T18:26:32.000Z</time></trkpt><trkpt lat="14.227060317993164" lon="121.16678619384766"><time>2026-04-01T18:26:33.000Z</time></trkpt><trkpt lat="14.22705364227295" lon="121.16676330566406"><time>2026-04-01T18:26:34.000Z</time></trkpt><trkpt lat="14.22704792022705" lon="121.166748046875"><time>2026-04-01T18:26:35.000Z</time></trkpt><trkpt lat="14.227045059204102" lon="121.1667251586914"><time>2026-04-01T18:26:36.000Z</time></trkpt><trkpt lat="14.227043151855469" lon="121.16671752929688"><time>2026-04-01T18:26:37.000Z</time></trkpt><trkpt lat="14.22704029083252" lon="121.16670227050781"><time>2026-04-01T18:26:38.000Z</time></trkpt><trkpt lat="14.227036476135254" lon="121.16668701171875"><time>2026-04-01T18:26:39.000Z</time></trkpt><trkpt lat="14.227031707763672" lon="121.16667938232422"><time>2026-04-01T18:26:40.000Z</time></trkpt><trkpt lat="14.227023124694824" lon="121.16667175292969"><time>2026-04-01T18:26:41.000Z</time></trkpt><trkpt lat="14.227018356323242" lon="121.16665649414062"><time>2026-04-01T18:26:42.000Z</time></trkpt><trkpt lat="14.22701358795166" lon="121.16664123535156"><time>2026-04-01T18:26:43.000Z</time></trkpt><trkpt lat="14.227009773254395" lon="121.16661834716797"><time>2026-04-01T18:26:44.000Z</time></trkpt><trkpt lat="14.227006912231445" lon="121.1666030883789"><time>2026-04-01T18:26:45.000Z</time></trkpt><trkpt lat="14.227005004882812" lon="121.16658020019531"><time>2026-04-01T18:26:46.000Z</time></trkpt><trkpt lat="14.22700023651123" lon="121.16655731201172"><time>2026-04-01T18:26:47.000Z</time></trkpt><trkpt lat="14.22698974609375" lon="121.16654205322266"><time>2026-04-01T18:26:48.000Z</time></trkpt><trkpt lat="14.226973533630371" lon="121.1665267944336"><time>2026-04-01T18:26:49.000Z</time></trkpt><trkpt lat="14.226956367492676" lon="121.16649627685547"><time>2026-04-01T18:26:50.000Z</time></trkpt><trkpt lat="14.22694206237793" lon="121.16647338867188"><time>2026-04-01T18:26:51.000Z</time></trkpt><trkpt lat="14.226924896240234" lon="121.16645050048828"><time>2026-04-01T18:26:52.000Z</time></trkpt><trkpt lat="14.226911544799805" lon="121.16641998291016"><time>2026-04-01T18:26:53.000Z</time></trkpt><trkpt lat="14.226902961730957" lon="121.1664047241211"><time>2026-04-01T18:26:54.000Z</time></trkpt><trkpt lat="14.226895332336426" lon="121.1663818359375"><time>2026-04-01T18:26:55.000Z</time></trkpt><trkpt lat="14.226888656616211" lon="121.16635131835938"><time>2026-04-01T18:26:56.000Z</time></trkpt><trkpt lat="14.226881980895996" lon="121.16632080078125"><time>2026-04-01T18:26:57.000Z</time></trkpt><trkpt lat="14.226873397827148" lon="121.16629028320312"><time>2026-04-01T18:26:58.000Z</time></trkpt><trkpt lat="14.226862907409668" lon="121.16626739501953"><time>2026-04-01T18:26:59.000Z</time></trkpt><trkpt lat="14.226860046386719" lon="121.16624450683594"><time>2026-04-01T18:27:00.000Z</time></trkpt><trkpt lat="14.226851463317871" lon="121.16622161865234"><time>2026-04-01T18:27:01.000Z</time></trkpt><trkpt lat="14.226844787597656" lon="121.16619873046875"><time>2026-04-01T18:27:02.000Z</time></trkpt><trkpt lat="14.226838111877441" lon="121.16617584228516"><time>2026-04-01T18:27:03.000Z</time></trkpt><trkpt lat="14.226828575134277" lon="121.16615295410156"><time>2026-04-01T18:27:04.000Z</time></trkpt><trkpt lat="14.22681999206543" lon="121.16613006591797"><time>2026-04-01T18:27:05.000Z</time></trkpt><trkpt lat="14.226815223693848" lon="121.16610717773438"><time>2026-04-01T18:27:06.000Z</time></trkpt><trkpt lat="14.226810455322266" lon="121.16607666015625"><time>2026-04-01T18:27:07.000Z</time></trkpt><trkpt lat="14.22680377960205" lon="121.16605377197266"><time>2026-04-01T18:27:08.000Z</time></trkpt><trkpt lat="14.226799964904785" lon="121.16602325439453"><time>2026-04-01T18:27:09.000Z</time></trkpt><trkpt lat="14.226791381835938" lon="121.1659927368164"><time>2026-04-01T18:27:10.000Z</time></trkpt><trkpt lat="14.226783752441406" lon="121.16596984863281"><time>2026-04-01T18:27:11.000Z</time></trkpt><trkpt lat="14.226778030395508" lon="121.16594696044922"><time>2026-04-01T18:27:12.000Z</time></trkpt><trkpt lat="14.226766586303711" lon="121.16592407226562"><time>2026-04-01T18:27:13.000Z</time></trkpt><trkpt lat="14.226757049560547" lon="121.16590881347656"><time>2026-04-01T18:27:14.000Z</time></trkpt><trkpt lat="14.226751327514648" lon="121.16588592529297"><time>2026-04-01T18:27:15.000Z</time></trkpt><trkpt lat="14.226746559143066" lon="121.16586303710938"><time>2026-04-01T18:27:16.000Z</time></trkpt><trkpt lat="14.226741790771484" lon="121.16584014892578"><time>2026-04-01T18:27:17.000Z</time></trkpt><trkpt lat="14.226737022399902" lon="121.16581726074219"><time>2026-04-01T18:27:18.000Z</time></trkpt><trkpt lat="14.226728439331055" lon="121.16580200195312"><time>2026-04-01T18:27:19.000Z</time></trkpt><trkpt lat="14.226723670959473" lon="121.1657943725586"><time>2026-04-01T18:27:20.000Z</time></trkpt><trkpt lat="14.226716995239258" lon="121.16578674316406"><time>2026-04-01T18:27:21.000Z</time></trkpt><trkpt lat="14.22671127319336" lon="121.16578674316406"><time>2026-04-01T18:27:22.000Z</time></trkpt><trkpt lat="14.226706504821777" lon="121.165771484375"><time>2026-04-01T18:27:23.000Z</time></trkpt><trkpt lat="14.226703643798828" lon="121.16576385498047"><time>2026-04-01T18:27:24.000Z</time></trkpt><trkpt lat="14.226699829101562" lon="121.1657485961914"><time>2026-04-01T18:27:25.000Z</time></trkpt><trkpt lat="14.22669792175293" lon="121.16574096679688"><time>2026-04-01T18:27:26.000Z</time></trkpt><trkpt lat="14.22669506072998" lon="121.16572570800781"><time>2026-04-01T18:27:27.000Z</time></trkpt><trkpt lat="14.226686477661133" lon="121.16571044921875"><time>2026-04-01T18:27:28.000Z</time></trkpt><trkpt lat="14.2266845703125" lon="121.16568756103516"><time>2026-04-01T18:27:29.000Z</time></trkpt><trkpt lat="14.2266845703125" lon="121.1656723022461"><time>2026-04-01T18:27:30.000Z</time></trkpt><trkpt lat="14.226686477661133" lon="121.1656494140625"><time>2026-04-01T18:27:31.000Z</time></trkpt><trkpt lat="14.226688385009766" lon="121.16565704345703"><time>2026-04-01T18:27:32.000Z</time></trkpt><trkpt lat="14.226693153381348" lon="121.1656494140625"><time>2026-04-01T18:27:33.000Z</time></trkpt><trkpt lat="14.226699829101562" lon="121.16563415527344"><time>2026-04-01T18:27:34.000Z</time></trkpt><trkpt lat="14.22670841217041" lon="121.16561889648438"><time>2026-04-01T18:27:35.000Z</time></trkpt><trkpt lat="14.226719856262207" lon="121.16561126708984"><time>2026-04-01T18:27:36.000Z</time></trkpt><trkpt lat="14.226733207702637" lon="121.16560363769531"><time>2026-04-01T18:27:37.000Z</time></trkpt><trkpt lat="14.226744651794434" lon="121.16560363769531"><time>2026-04-01T18:27:38.000Z</time></trkpt><trkpt lat="14.226758003234863" lon="121.16558837890625"><time>2026-04-01T18:27:39.000Z</time></trkpt><trkpt lat="14.226771354675293" lon="121.16558074951172"><time>2026-04-01T18:27:40.000Z</time></trkpt><trkpt lat="14.226786613464355" lon="121.16557312011719"><time>2026-04-01T18:27:41.000Z</time></trkpt><trkpt lat="14.226808547973633" lon="121.16557312011719"><time>2026-04-01T18:27:42.000Z</time></trkpt><trkpt lat="14.226824760437012" lon="121.16556549072266"><time>2026-04-01T18:27:43.000Z</time></trkpt><trkpt lat="14.226846694946289" lon="121.16555786132812"><time>2026-04-01T18:27:44.000Z</time></trkpt><trkpt lat="14.2268648147583" lon="121.1655502319336"><time>2026-04-01T18:27:45.000Z</time></trkpt><trkpt lat="14.226893424987793" lon="121.16554260253906"><time>2026-04-01T18:27:46.000Z</time></trkpt><trkpt lat="14.226926803588867" lon="121.16553497314453"><time>2026-04-01T18:27:47.000Z</time></trkpt><trkpt lat="14.22695541381836" lon="121.16553497314453"><time>2026-04-01T18:27:48.000Z</time></trkpt><trkpt lat="14.226978302001953" lon="121.16551971435547"><time>2026-04-01T18:27:49.000Z</time></trkpt><trkpt lat="14.22700309753418" lon="121.16551208496094"><time>2026-04-01T18:27:50.000Z</time></trkpt><trkpt lat="14.227029800415039" lon="121.1655044555664"><time>2026-04-01T18:27:51.000Z</time></trkpt><trkpt lat="14.227058410644531" lon="121.1655044555664"><time>2026-04-01T18:27:52.000Z</time></trkpt><trkpt lat="14.227076530456543" lon="121.16549682617188"><time>2026-04-01T18:27:53.000Z</time></trkpt><trkpt lat="14.227103233337402" lon="121.16549682617188"><time>2026-04-01T18:27:54.000Z</time></trkpt><trkpt lat="14.227128028869629" lon="121.16548919677734"><time>2026-04-01T18:27:55.000Z</time></trkpt><trkpt lat="14.227154731750488" lon="121.16548156738281"><time>2026-04-01T18:27:56.000Z</time></trkpt><trkpt lat="14.227190017700195" lon="121.16548156738281"><time>2026-04-01T18:27:57.000Z</time></trkpt><trkpt lat="14.227219581604004" lon="121.16546630859375"><time>2026-04-01T18:27:58.000Z</time></trkpt><trkpt lat="14.227250099182129" lon="121.16545867919922"><time>2026-04-01T18:27:59.000Z</time></trkpt><trkpt lat="14.227276802062988" lon="121.16545867919922"><time>2026-04-01T18:28:00.000Z</time></trkpt><trkpt lat="14.227299690246582" lon="121.16544342041016"><time>2026-04-01T18:28:01.000Z</time></trkpt><trkpt lat="14.227326393127441" lon="121.16544342041016"><time>2026-04-01T18:28:02.000Z</time></trkpt><trkpt lat="14.2273530960083" lon="121.16543579101562"><time>2026-04-01T18:28:03.000Z</time></trkpt><trkpt lat="14.227375030517578" lon="121.16543579101562"><time>2026-04-01T18:28:04.000Z</time></trkpt><trkpt lat="14.227397918701172" lon="121.1654281616211"><time>2026-04-01T18:28:05.000Z</time></trkpt><trkpt lat="14.227415084838867" lon="121.16541290283203"><time>2026-04-01T18:28:06.000Z</time></trkpt><trkpt lat="14.227435111999512" lon="121.16541290283203"><time>2026-04-01T18:28:07.000Z</time></trkpt><trkpt lat="14.22745132446289" lon="121.16541290283203"><time>2026-04-01T18:28:08.000Z</time></trkpt><trkpt lat="14.227470397949219" lon="121.16541290283203"><time>2026-04-01T18:28:09.000Z</time></trkpt><trkpt lat="14.227484703063965" lon="121.16541290283203"><time>2026-04-01T18:28:10.000Z</time></trkpt><trkpt lat="14.22750186920166" lon="121.1654052734375"><time>2026-04-01T18:28:11.000Z</time></trkpt><trkpt lat="14.227517127990723" lon="121.16539764404297"><time>2026-04-01T18:28:12.000Z</time></trkpt><trkpt lat="14.227535247802734" lon="121.16539764404297"><time>2026-04-01T18:28:13.000Z</time></trkpt><trkpt lat="14.227546691894531" lon="121.16539001464844"><time>2026-04-01T18:28:14.000Z</time></trkpt><trkpt lat="14.227560043334961" lon="121.1653823852539"><time>2026-04-01T18:28:15.000Z</time></trkpt><trkpt lat="14.227571487426758" lon="121.16537475585938"><time>2026-04-01T18:28:16.000Z</time></trkpt><trkpt lat="14.227582931518555" lon="121.16535949707031"><time>2026-04-01T18:28:17.000Z</time></trkpt><trkpt lat="14.22760009765625" lon="121.16535186767578"><time>2026-04-01T18:28:18.000Z</time></trkpt><trkpt lat="14.22761344909668" lon="121.16535186767578"><time>2026-04-01T18:28:19.000Z</time></trkpt><trkpt lat="14.22762680053711" lon="121.16534423828125"><time>2026-04-01T18:28:20.000Z</time></trkpt><trkpt lat="14.227648735046387" lon="121.16533660888672"><time>2026-04-01T18:28:21.000Z</time></trkpt><trkpt lat="14.227669715881348" lon="121.16533660888672"><time>2026-04-01T18:28:22.000Z</time></trkpt><trkpt lat="14.22769546508789" lon="121.16532135009766"><time>2026-04-01T18:28:23.000Z</time></trkpt><trkpt lat="14.227723121643066" lon="121.16532135009766"><time>2026-04-01T18:28:24.000Z</time></trkpt><trkpt lat="14.227760314941406" lon="121.16531372070312"><time>2026-04-01T18:28:25.000Z</time></trkpt><trkpt lat="14.227787971496582" lon="121.16529846191406"><time>2026-04-01T18:28:26.000Z</time></trkpt><trkpt lat="14.227813720703125" lon="121.16529846191406"><time>2026-04-01T18:28:27.000Z</time></trkpt><trkpt lat="14.227840423583984" lon="121.16529846191406"><time>2026-04-01T18:28:28.000Z</time></trkpt><trkpt lat="14.227860450744629" lon="121.16529846191406"><time>2026-04-01T18:28:29.000Z</time></trkpt><trkpt lat="14.227879524230957" lon="121.16529083251953"><time>2026-04-01T18:28:30.000Z</time></trkpt><trkpt lat="14.227903366088867" lon="121.165283203125"><time>2026-04-01T18:28:31.000Z</time></trkpt><trkpt lat="14.227930068969727" lon="121.16527557373047"><time>2026-04-01T18:28:32.000Z</time></trkpt><trkpt lat="14.227986335754395" lon="121.16525268554688"><time>2026-04-01T18:28:33.000Z</time></trkpt><trkpt lat="14.22800350189209" lon="121.16524505615234"><time>2026-04-01T18:28:34.000Z</time></trkpt><trkpt lat="14.228025436401367" lon="121.16522979736328"><time>2026-04-01T18:28:35.000Z</time></trkpt><trkpt lat="14.228050231933594" lon="121.16522216796875"><time>2026-04-01T18:28:36.000Z</time></trkpt><trkpt lat="14.228073120117188" lon="121.16520690917969"><time>2026-04-01T18:28:37.000Z</time></trkpt><trkpt lat="14.228097915649414" lon="121.16519927978516"><time>2026-04-01T18:28:38.000Z</time></trkpt><trkpt lat="14.228119850158691" lon="121.16519165039062"><time>2026-04-01T18:28:39.000Z</time></trkpt><trkpt lat="14.228150367736816" lon="121.16517639160156"><time>2026-04-01T18:28:40.000Z</time></trkpt><trkpt lat="14.228177070617676" lon="121.16517639160156"><time>2026-04-01T18:28:41.000Z</time></trkpt><trkpt lat="14.228204727172852" lon="121.16516876220703"><time>2026-04-01T18:28:42.000Z</time></trkpt><trkpt lat="14.228236198425293" lon="121.16515350341797"><time>2026-04-01T18:28:43.000Z</time></trkpt><trkpt lat="14.228261947631836" lon="121.1651382446289"><time>2026-04-01T18:28:44.000Z</time></trkpt><trkpt lat="14.228280067443848" lon="121.16512298583984"><time>2026-04-01T18:28:45.000Z</time></trkpt><trkpt lat="14.228293418884277" lon="121.16511535644531"><time>2026-04-01T18:28:46.000Z</time></trkpt><trkpt lat="14.228293418884277" lon="121.16510009765625"><time>2026-04-01T18:28:47.000Z</time></trkpt><trkpt lat="14.22829532623291" lon="121.16508483886719"><time>2026-04-01T18:28:48.000Z</time></trkpt><trkpt lat="14.228293418884277" lon="121.16505432128906"><time>2026-04-01T18:28:49.000Z</time></trkpt><trkpt lat="14.228293418884277" lon="121.16503143310547"><time>2026-04-01T18:28:50.000Z</time></trkpt><trkpt lat="14.228291511535645" lon="121.16500091552734"><time>2026-04-01T18:28:51.000Z</time></trkpt><trkpt lat="14.228288650512695" lon="121.16497039794922"><time>2026-04-01T18:28:52.000Z</time></trkpt><trkpt lat="14.228288650512695" lon="121.1649398803711"><time>2026-04-01T18:28:53.000Z</time></trkpt><trkpt lat="14.22828483581543" lon="121.16492462158203"><time>2026-04-01T18:28:54.000Z</time></trkpt><trkpt lat="14.22828197479248" lon="121.16490173339844"><time>2026-04-01T18:28:55.000Z</time></trkpt><trkpt lat="14.228276252746582" lon="121.16488647460938"><time>2026-04-01T18:28:56.000Z</time></trkpt><trkpt lat="14.228273391723633" lon="121.16487121582031"><time>2026-04-01T18:28:57.000Z</time></trkpt><trkpt lat="14.228271484375" lon="121.16484832763672"><time>2026-04-01T18:28:58.000Z</time></trkpt><trkpt lat="14.228262901306152" lon="121.16483306884766"><time>2026-04-01T18:28:59.000Z</time></trkpt><trkpt lat="14.22825813293457" lon="121.16481018066406"><time>2026-04-01T18:29:00.000Z</time></trkpt><trkpt lat="14.228251457214355" lon="121.16478729248047"><time>2026-04-01T18:29:01.000Z</time></trkpt><trkpt lat="14.228246688842773" lon="121.16476440429688"><time>2026-04-01T18:29:02.000Z</time></trkpt><trkpt lat="14.228240013122559" lon="121.16474151611328"><time>2026-04-01T18:29:03.000Z</time></trkpt><trkpt lat="14.228230476379395" lon="121.16471862792969"><time>2026-04-01T18:29:04.000Z</time></trkpt><trkpt lat="14.22822380065918" lon="121.1646957397461"><time>2026-04-01T18:29:05.000Z</time></trkpt><trkpt lat="14.228217124938965" lon="121.16468048095703"><time>2026-04-01T18:29:06.000Z</time></trkpt><trkpt lat="14.2282133102417" lon="121.16465759277344"><time>2026-04-01T18:29:07.000Z</time></trkpt><trkpt lat="14.228208541870117" lon="121.16463470458984"><time>2026-04-01T18:29:08.000Z</time></trkpt><trkpt lat="14.228198051452637" lon="121.16461181640625"><time>2026-04-01T18:29:09.000Z</time></trkpt><trkpt lat="14.228188514709473" lon="121.16458129882812"><time>2026-04-01T18:29:10.000Z</time></trkpt><trkpt lat="14.228181838989258" lon="121.16455841064453"><time>2026-04-01T18:29:11.000Z</time></trkpt><trkpt lat="14.228177070617676" lon="121.16453552246094"><time>2026-04-01T18:29:12.000Z</time></trkpt><trkpt lat="14.228171348571777" lon="121.16451263427734"><time>2026-04-01T18:29:13.000Z</time></trkpt><trkpt lat="14.228168487548828" lon="121.16448974609375"><time>2026-04-01T18:29:14.000Z</time></trkpt><trkpt lat="14.228161811828613" lon="121.16446685791016"><time>2026-04-01T18:29:15.000Z</time></trkpt><trkpt lat="14.228155136108398" lon="121.16444396972656"><time>2026-04-01T18:29:16.000Z</time></trkpt><trkpt lat="14.228144645690918" lon="121.16442108154297"><time>2026-04-01T18:29:17.000Z</time></trkpt><trkpt lat="14.228137016296387" lon="121.16439819335938"><time>2026-04-01T18:29:18.000Z</time></trkpt><trkpt lat="14.228131294250488" lon="121.16438293457031"><time>2026-04-01T18:29:19.000Z</time></trkpt><trkpt lat="14.228128433227539" lon="121.16436004638672"><time>2026-04-01T18:29:20.000Z</time></trkpt><trkpt lat="14.228124618530273" lon="121.16433715820312"><time>2026-04-01T18:29:21.000Z</time></trkpt><trkpt lat="14.228121757507324" lon="121.16432189941406"><time>2026-04-01T18:29:22.000Z</time></trkpt><trkpt lat="14.228117942810059" lon="121.16429901123047"><time>2026-04-01T18:29:23.000Z</time></trkpt><trkpt lat="14.228111267089844" lon="121.16426849365234"><time>2026-04-01T18:29:24.000Z</time></trkpt><trkpt lat="14.228104591369629" lon="121.16424560546875"><time>2026-04-01T18:29:25.000Z</time></trkpt><trkpt lat="14.228095054626465" lon="121.16422271728516"><time>2026-04-01T18:29:26.000Z</time></trkpt><trkpt lat="14.22808837890625" lon="121.16419982910156"><time>2026-04-01T18:29:27.000Z</time></trkpt><trkpt lat="14.228083610534668" lon="121.16417694091797"><time>2026-04-01T18:29:28.000Z</time></trkpt><trkpt lat="14.228073120117188" lon="121.16415405273438"><time>2026-04-01T18:29:29.000Z</time></trkpt><trkpt lat="14.22806167602539" lon="121.16413116455078"><time>2026-04-01T18:29:30.000Z</time></trkpt><trkpt lat="14.228050231933594" lon="121.16410827636719"><time>2026-04-01T18:29:31.000Z</time></trkpt><trkpt lat="14.228045463562012" lon="121.16409301757812"><time>2026-04-01T18:29:32.000Z</time></trkpt><trkpt lat="14.228046417236328" lon="121.16407012939453"><time>2026-04-01T18:29:33.000Z</time></trkpt><trkpt lat="14.228050231933594" lon="121.16405487060547"><time>2026-04-01T18:29:34.000Z</time></trkpt><trkpt lat="14.228059768676758" lon="121.16403198242188"><time>2026-04-01T18:29:35.000Z</time></trkpt><trkpt lat="14.228073120117188" lon="121.16401672363281"><time>2026-04-01T18:29:36.000Z</time></trkpt><trkpt lat="14.228090286254883" lon="121.16400909423828"><time>2026-04-01T18:29:37.000Z</time></trkpt><trkpt lat="14.228103637695312" lon="121.16400146484375"><time>2026-04-01T18:29:38.000Z</time></trkpt><trkpt lat="14.228121757507324" lon="121.16399383544922"><time>2026-04-01T18:29:39.000Z</time></trkpt><trkpt lat="14.22814655303955" lon="121.16398620605469"><time>2026-04-01T18:29:40.000Z</time></trkpt><trkpt lat="14.228170394897461" lon="121.16398620605469"><time>2026-04-01T18:29:41.000Z</time></trkpt><trkpt lat="14.22819709777832" lon="121.16397857666016"><time>2026-04-01T18:29:42.000Z</time></trkpt><trkpt lat="14.22822380065918" lon="121.16397094726562"><time>2026-04-01T18:29:43.000Z</time></trkpt><trkpt lat="14.228249549865723" lon="121.1639633178711"><time>2026-04-01T18:29:44.000Z</time></trkpt><trkpt lat="14.228275299072266" lon="121.16395568847656"><time>2026-04-01T18:29:45.000Z</time></trkpt><trkpt lat="14.228296279907227" lon="121.16395568847656"><time>2026-04-01T18:29:46.000Z</time></trkpt><trkpt lat="14.228320121765137" lon="121.16394805908203"><time>2026-04-01T18:29:47.000Z</time></trkpt><trkpt lat="14.228340148925781" lon="121.16394805908203"><time>2026-04-01T18:29:48.000Z</time></trkpt><trkpt lat="14.228353500366211" lon="121.1639404296875"><time>2026-04-01T18:29:49.000Z</time></trkpt><trkpt lat="14.22836971282959" lon="121.1639404296875"><time>2026-04-01T18:29:50.000Z</time></trkpt><trkpt lat="14.22838020324707" lon="121.16393280029297"><time>2026-04-01T18:29:51.000Z</time></trkpt><trkpt lat="14.228402137756348" lon="121.16392517089844"><time>2026-04-01T18:29:52.000Z</time></trkpt><trkpt lat="14.228418350219727" lon="121.1639175415039"><time>2026-04-01T18:29:53.000Z</time></trkpt><trkpt lat="14.228433609008789" lon="121.16390991210938"><time>2026-04-01T18:29:54.000Z</time></trkpt><trkpt lat="14.2284517288208" lon="121.16390228271484"><time>2026-04-01T18:29:55.000Z</time></trkpt><trkpt lat="14.228471755981445" lon="121.16389465332031"><time>2026-04-01T18:29:56.000Z</time></trkpt><trkpt lat="14.22848129272461" lon="121.16389465332031"><time>2026-04-01T18:29:57.000Z</time></trkpt><trkpt lat="14.228493690490723" lon="121.16388702392578"><time>2026-04-01T18:29:58.000Z</time></trkpt><trkpt lat="14.228509902954102" lon="121.16388702392578"><time>2026-04-01T18:29:59.000Z</time></trkpt><trkpt lat="14.228523254394531" lon="121.16388702392578"><time>2026-04-01T18:30:00.000Z</time></trkpt><trkpt lat="14.228545188903809" lon="121.16387939453125"><time>2026-04-01T18:30:01.000Z</time></trkpt><trkpt lat="14.228560447692871" lon="121.16387939453125"><time>2026-04-01T18:30:02.000Z</time></trkpt><trkpt lat="14.228585243225098" lon="121.16387176513672"><time>2026-04-01T18:30:03.000Z</time></trkpt><trkpt lat="14.228610038757324" lon="121.16387176513672"><time>2026-04-01T18:30:04.000Z</time></trkpt><trkpt lat="14.228631973266602" lon="121.16386413574219"><time>2026-04-01T18:30:05.000Z</time></trkpt><trkpt lat="14.228652000427246" lon="121.16385650634766"><time>2026-04-01T18:30:06.000Z</time></trkpt><trkpt lat="14.22867202758789" lon="121.16384887695312"><time>2026-04-01T18:30:07.000Z</time></trkpt><trkpt lat="14.228693008422852" lon="121.1638412475586"><time>2026-04-01T18:30:08.000Z</time></trkpt><trkpt lat="14.228719711303711" lon="121.16383361816406"><time>2026-04-01T18:30:09.000Z</time></trkpt><trkpt lat="14.228745460510254" lon="121.16382598876953"><time>2026-04-01T18:30:10.000Z</time></trkpt><trkpt lat="14.22877025604248" lon="121.163818359375"><time>2026-04-01T18:30:11.000Z</time></trkpt><trkpt lat="14.228777885437012" lon="121.16381072998047"><time>2026-04-01T18:30:12.000Z</time></trkpt><trkpt lat="14.22884464263916" lon="121.16378784179688"><time>2026-04-01T18:30:13.000Z</time></trkpt><trkpt lat="14.22885799407959" lon="121.16378021240234"><time>2026-04-01T18:30:14.000Z</time></trkpt><trkpt lat="14.228878021240234" lon="121.16377258300781"><time>2026-04-01T18:30:15.000Z</time></trkpt><trkpt lat="14.228899955749512" lon="121.16375732421875"><time>2026-04-01T18:30:16.000Z</time></trkpt><trkpt lat="14.228919982910156" lon="121.16374969482422"><time>2026-04-01T18:30:17.000Z</time></trkpt><trkpt lat="14.228948593139648" lon="121.16374206542969"><time>2026-04-01T18:30:18.000Z</time></trkpt><trkpt lat="14.228975296020508" lon="121.16373443603516"><time>2026-04-01T18:30:19.000Z</time></trkpt><trkpt lat="14.228996276855469" lon="121.16372680664062"><time>2026-04-01T18:30:20.000Z</time></trkpt><trkpt lat="14.229026794433594" lon="121.16372680664062"><time>2026-04-01T18:30:21.000Z</time></trkpt><trkpt lat="14.229056358337402" lon="121.1637191772461"><time>2026-04-01T18:30:22.000Z</time></trkpt><trkpt lat="14.22907543182373" lon="121.16371154785156"><time>2026-04-01T18:30:23.000Z</time></trkpt><trkpt lat="14.229095458984375" lon="121.16371154785156"><time>2026-04-01T18:30:24.000Z</time></trkpt><trkpt lat="14.229109764099121" lon="121.16370391845703"><time>2026-04-01T18:30:25.000Z</time></trkpt><trkpt lat="14.229138374328613" lon="121.16368865966797"><time>2026-04-01T18:30:26.000Z</time></trkpt><trkpt lat="14.229166984558105" lon="121.16368103027344"><time>2026-04-01T18:30:27.000Z</time></trkpt><trkpt lat="14.229193687438965" lon="121.16368103027344"><time>2026-04-01T18:30:28.000Z</time></trkpt><trkpt lat="14.229223251342773" lon="121.1636734008789"><time>2026-04-01T18:30:29.000Z</time></trkpt><trkpt lat="14.229241371154785" lon="121.1636734008789"><time>2026-04-01T18:30:30.000Z</time></trkpt><trkpt lat="14.229260444641113" lon="121.16366577148438"><time>2026-04-01T18:30:31.000Z</time></trkpt><trkpt lat="14.22927474975586" lon="121.16366577148438"><time>2026-04-01T18:30:32.000Z</time></trkpt><trkpt lat="14.229288101196289" lon="121.16365814208984"><time>2026-04-01T18:30:33.000Z</time></trkpt><trkpt lat="14.229305267333984" lon="121.16365051269531"><time>2026-04-01T18:30:34.000Z</time></trkpt><trkpt lat="14.229326248168945" lon="121.16364288330078"><time>2026-04-01T18:30:35.000Z</time></trkpt><trkpt lat="14.229348182678223" lon="121.16363525390625"><time>2026-04-01T18:30:36.000Z</time></trkpt><trkpt lat="14.229368209838867" lon="121.16362762451172"><time>2026-04-01T18:30:37.000Z</time></trkpt><trkpt lat="14.229386329650879" lon="121.16362762451172"><time>2026-04-01T18:30:38.000Z</time></trkpt><trkpt lat="14.229412078857422" lon="121.16361236572266"><time>2026-04-01T18:30:39.000Z</time></trkpt><trkpt lat="14.229432106018066" lon="121.16360473632812"><time>2026-04-01T18:30:40.000Z</time></trkpt><trkpt lat="14.229453086853027" lon="121.16360473632812"><time>2026-04-01T18:30:41.000Z</time></trkpt><trkpt lat="14.229471206665039" lon="121.1635971069336"><time>2026-04-01T18:30:42.000Z</time></trkpt><trkpt lat="14.229488372802734" lon="121.16358947753906"><time>2026-04-01T18:30:43.000Z</time></trkpt><trkpt lat="14.229508399963379" lon="121.16358947753906"><time>2026-04-01T18:30:44.000Z</time></trkpt><trkpt lat="14.229531288146973" lon="121.16358184814453"><time>2026-04-01T18:30:45.000Z</time></trkpt><trkpt lat="14.229555130004883" lon="121.16357421875"><time>2026-04-01T18:30:46.000Z</time></trkpt><trkpt lat="14.229578018188477" lon="121.16357421875"><time>2026-04-01T18:30:47.000Z</time></trkpt><trkpt lat="14.22960376739502" lon="121.16356658935547"><time>2026-04-01T18:30:48.000Z</time></trkpt><trkpt lat="14.229630470275879" lon="121.16356658935547"><time>2026-04-01T18:30:49.000Z</time></trkpt><trkpt lat="14.229655265808105" lon="121.16356658935547"><time>2026-04-01T18:30:50.000Z</time></trkpt><trkpt lat="14.229682922363281" lon="121.16355895996094"><time>2026-04-01T18:30:51.000Z</time></trkpt><trkpt lat="14.229706764221191" lon="121.16355895996094"><time>2026-04-01T18:30:52.000Z</time></trkpt><trkpt lat="14.229728698730469" lon="121.16356658935547"><time>2026-04-01T18:30:53.000Z</time></trkpt><trkpt lat="14.22974967956543" lon="121.16356658935547"><time>2026-04-01T18:30:54.000Z</time></trkpt><trkpt lat="14.22977352142334" lon="121.16356658935547"><time>2026-04-01T18:30:55.000Z</time></trkpt><trkpt lat="14.229796409606934" lon="121.16357421875"><time>2026-04-01T18:30:56.000Z</time></trkpt><trkpt lat="14.229816436767578" lon="121.16357421875"><time>2026-04-01T18:30:57.000Z</time></trkpt><trkpt lat="14.229840278625488" lon="121.16358184814453"><time>2026-04-01T18:30:58.000Z</time></trkpt><trkpt lat="14.229866981506348" lon="121.16358184814453"><time>2026-04-01T18:30:59.000Z</time></trkpt><trkpt lat="14.229878425598145" lon="121.16358947753906"><time>2026-04-01T18:31:00.000Z</time></trkpt><trkpt lat="14.229900360107422" lon="121.16358947753906"><time>2026-04-01T18:31:01.000Z</time></trkpt><trkpt lat="14.2299165725708" lon="121.16358947753906"><time>2026-04-01T18:31:02.000Z</time></trkpt><trkpt lat="14.229938507080078" lon="121.1635971069336"><time>2026-04-01T18:31:03.000Z</time></trkpt><trkpt lat="14.229954719543457" lon="121.1635971069336"><time>2026-04-01T18:31:04.000Z</time></trkpt><trkpt lat="14.229973793029785" lon="121.1635971069336"><time>2026-04-01T18:31:05.000Z</time></trkpt><trkpt lat="14.229990005493164" lon="121.1635971069336"><time>2026-04-01T18:31:06.000Z</time></trkpt><trkpt lat="14.230003356933594" lon="121.1635971069336"><time>2026-04-01T18:31:07.000Z</time></trkpt><trkpt lat="14.230026245117188" lon="121.1635971069336"><time>2026-04-01T18:31:08.000Z</time></trkpt><trkpt lat="14.230048179626465" lon="121.1635971069336"><time>2026-04-01T18:31:09.000Z</time></trkpt><trkpt lat="14.230072975158691" lon="121.1635971069336"><time>2026-04-01T18:31:10.000Z</time></trkpt><trkpt lat="14.23009967803955" lon="121.1635971069336"><time>2026-04-01T18:31:11.000Z</time></trkpt><trkpt lat="14.230123519897461" lon="121.1635971069336"><time>2026-04-01T18:31:12.000Z</time></trkpt><trkpt lat="14.230143547058105" lon="121.1635971069336"><time>2026-04-01T18:31:13.000Z</time></trkpt><trkpt lat="14.230164527893066" lon="121.16358947753906"><time>2026-04-01T18:31:14.000Z</time></trkpt><trkpt lat="14.230188369750977" lon="121.16358947753906"><time>2026-04-01T18:31:15.000Z</time></trkpt><trkpt lat="14.230210304260254" lon="121.16358947753906"><time>2026-04-01T18:31:16.000Z</time></trkpt><trkpt lat="14.230230331420898" lon="121.16358947753906"><time>2026-04-01T18:31:17.000Z</time></trkpt><trkpt lat="14.230244636535645" lon="121.1635971069336"><time>2026-04-01T18:31:18.000Z</time></trkpt><trkpt lat="14.230266571044922" lon="121.16358947753906"><time>2026-04-01T18:31:19.000Z</time></trkpt><trkpt lat="14.2302885055542" lon="121.16358947753906"><time>2026-04-01T18:31:20.000Z</time></trkpt><trkpt lat="14.230308532714844" lon="121.16358947753906"><time>2026-04-01T18:31:21.000Z</time></trkpt><trkpt lat="14.230330467224121" lon="121.16358184814453"><time>2026-04-01T18:31:22.000Z</time></trkpt><trkpt lat="14.23034954071045" lon="121.16358184814453"><time>2026-04-01T18:31:23.000Z</time></trkpt><trkpt lat="14.23037338256836" lon="121.16357421875"><time>2026-04-01T18:31:24.000Z</time></trkpt><trkpt lat="14.230400085449219" lon="121.16356658935547"><time>2026-04-01T18:31:25.000Z</time></trkpt><trkpt lat="14.230424880981445" lon="121.16356658935547"><time>2026-04-01T18:31:26.000Z</time></trkpt><trkpt lat="14.230448722839355" lon="121.16355895996094"><time>2026-04-01T18:31:27.000Z</time></trkpt><trkpt lat="14.23046875" lon="121.1635513305664"><time>2026-04-01T18:31:28.000Z</time></trkpt><trkpt lat="14.23049545288086" lon="121.1635513305664"><time>2026-04-01T18:31:29.000Z</time></trkpt><trkpt lat="14.230525016784668" lon="121.16354370117188"><time>2026-04-01T18:31:30.000Z</time></trkpt><trkpt lat="14.23055362701416" lon="121.16354370117188"><time>2026-04-01T18:31:31.000Z</time></trkpt><trkpt lat="14.230576515197754" lon="121.16353607177734"><time>2026-04-01T18:31:32.000Z</time></trkpt><trkpt lat="14.230594635009766" lon="121.16352844238281"><time>2026-04-01T18:31:33.000Z</time></trkpt><trkpt lat="14.230611801147461" lon="121.16352844238281"><time>2026-04-01T18:31:34.000Z</time></trkpt><trkpt lat="14.230631828308105" lon="121.16352081298828"><time>2026-04-01T18:31:35.000Z</time></trkpt><trkpt lat="14.230653762817383" lon="121.16351318359375"><time>2026-04-01T18:31:36.000Z</time></trkpt><trkpt lat="14.230673789978027" lon="121.16351318359375"><time>2026-04-01T18:31:37.000Z</time></trkpt><trkpt lat="14.230690002441406" lon="121.16350555419922"><time>2026-04-01T18:31:38.000Z</time></trkpt><trkpt lat="14.230711936950684" lon="121.16349792480469"><time>2026-04-01T18:31:39.000Z</time></trkpt><trkpt lat="14.23072624206543" lon="121.16349029541016"><time>2026-04-01T18:31:40.000Z</time></trkpt><trkpt lat="14.23075008392334" lon="121.16348266601562"><time>2026-04-01T18:31:41.000Z</time></trkpt><trkpt lat="14.230772018432617" lon="121.1634750366211"><time>2026-04-01T18:31:42.000Z</time></trkpt><trkpt lat="14.230792999267578" lon="121.16346740722656"><time>2026-04-01T18:31:43.000Z</time></trkpt><trkpt lat="14.230813026428223" lon="121.16346740722656"><time>2026-04-01T18:31:44.000Z</time></trkpt><trkpt lat="14.230833053588867" lon="121.16345977783203"><time>2026-04-01T18:31:45.000Z</time></trkpt><trkpt lat="14.230854988098145" lon="121.16345977783203"><time>2026-04-01T18:31:46.000Z</time></trkpt><trkpt lat="14.230871200561523" lon="121.1634521484375"><time>2026-04-01T18:31:47.000Z</time></trkpt><trkpt lat="14.2308931350708" lon="121.16344451904297"><time>2026-04-01T18:31:48.000Z</time></trkpt><trkpt lat="14.230917930603027" lon="121.16343688964844"><time>2026-04-01T18:31:49.000Z</time></trkpt><trkpt lat="14.23093032836914" lon="121.1634292602539"><time>2026-04-01T18:31:50.000Z</time></trkpt><trkpt lat="14.230944633483887" lon="121.1634292602539"><time>2026-04-01T18:31:51.000Z</time></trkpt><trkpt lat="14.230961799621582" lon="121.16342163085938"><time>2026-04-01T18:31:52.000Z</time></trkpt><trkpt lat="14.23097038269043" lon="121.16341400146484"><time>2026-04-01T18:31:53.000Z</time></trkpt><trkpt lat="14.230993270874023" lon="121.16340637207031"><time>2026-04-01T18:31:54.000Z</time></trkpt><trkpt lat="14.231019973754883" lon="121.16339874267578"><time>2026-04-01T18:31:55.000Z</time></trkpt><trkpt lat="14.231046676635742" lon="121.16339111328125"><time>2026-04-01T18:31:56.000Z</time></trkpt><trkpt lat="14.231071472167969" lon="121.16339111328125"><time>2026-04-01T18:31:57.000Z</time></trkpt><trkpt lat="14.23108959197998" lon="121.16338348388672"><time>2026-04-01T18:31:58.000Z</time></trkpt><trkpt lat="14.231109619140625" lon="121.16338348388672"><time>2026-04-01T18:31:59.000Z</time></trkpt><trkpt lat="14.231131553649902" lon="121.16337585449219"><time>2026-04-01T18:32:00.000Z</time></trkpt><trkpt lat="14.231149673461914" lon="121.16336822509766"><time>2026-04-01T18:32:01.000Z</time></trkpt><trkpt lat="14.231173515319824" lon="121.16336059570312"><time>2026-04-01T18:32:02.000Z</time></trkpt><trkpt lat="14.231195449829102" lon="121.16336059570312"><time>2026-04-01T18:32:03.000Z</time></trkpt><trkpt lat="14.231216430664062" lon="121.1633529663086"><time>2026-04-01T18:32:04.000Z</time></trkpt><trkpt lat="14.231240272521973" lon="121.16334533691406"><time>2026-04-01T18:32:05.000Z</time></trkpt><trkpt lat="14.231261253356934" lon="121.16334533691406"><time>2026-04-01T18:32:06.000Z</time></trkpt><trkpt lat="14.231287002563477" lon="121.16333770751953"><time>2026-04-01T18:32:07.000Z</time></trkpt><trkpt lat="14.231307029724121" lon="121.16333770751953"><time>2026-04-01T18:32:08.000Z</time></trkpt><trkpt lat="14.231328010559082" lon="121.163330078125"><time>2026-04-01T18:32:09.000Z</time></trkpt><trkpt lat="14.23134708404541" lon="121.16332244873047"><time>2026-04-01T18:32:10.000Z</time></trkpt><trkpt lat="14.231369972229004" lon="121.1633071899414"><time>2026-04-01T18:32:11.000Z</time></trkpt><trkpt lat="14.231391906738281" lon="121.1633071899414"><time>2026-04-01T18:32:12.000Z</time></trkpt><trkpt lat="14.231410026550293" lon="121.16329956054688"><time>2026-04-01T18:32:13.000Z</time></trkpt><trkpt lat="14.231426239013672" lon="121.16329193115234"><time>2026-04-01T18:32:14.000Z</time></trkpt><trkpt lat="14.231443405151367" lon="121.16328430175781"><time>2026-04-01T18:32:15.000Z</time></trkpt><trkpt lat="14.231461524963379" lon="121.16328430175781"><time>2026-04-01T18:32:16.000Z</time></trkpt><trkpt lat="14.231478691101074" lon="121.16327667236328"><time>2026-04-01T18:32:17.000Z</time></trkpt><trkpt lat="14.23149299621582" lon="121.16326904296875"><time>2026-04-01T18:32:18.000Z</time></trkpt><trkpt lat="14.231513023376465" lon="121.16326141357422"><time>2026-04-01T18:32:19.000Z</time></trkpt><trkpt lat="14.231528282165527" lon="121.16325378417969"><time>2026-04-01T18:32:20.000Z</time></trkpt><trkpt lat="14.231536865234375" lon="121.16323852539062"><time>2026-04-01T18:32:21.000Z</time></trkpt><trkpt lat="14.231546401977539" lon="121.16322326660156"><time>2026-04-01T18:32:22.000Z</time></trkpt><trkpt lat="14.231553077697754" lon="121.1632080078125"><time>2026-04-01T18:32:23.000Z</time></trkpt><trkpt lat="14.231553077697754" lon="121.16319274902344"><time>2026-04-01T18:32:24.000Z</time></trkpt><trkpt lat="14.231550216674805" lon="121.16316986083984"><time>2026-04-01T18:32:25.000Z</time></trkpt><trkpt lat="14.231548309326172" lon="121.16315460205078"><time>2026-04-01T18:32:26.000Z</time></trkpt><trkpt lat="14.231548309326172" lon="121.16313934326172"><time>2026-04-01T18:32:27.000Z</time></trkpt><trkpt lat="14.231550216674805" lon="121.16311645507812"><time>2026-04-01T18:32:28.000Z</time></trkpt><trkpt lat="14.231548309326172" lon="121.16310119628906"><time>2026-04-01T18:32:29.000Z</time></trkpt><trkpt lat="14.231545448303223" lon="121.16307067871094"><time>2026-04-01T18:32:30.000Z</time></trkpt><trkpt lat="14.231539726257324" lon="121.16305541992188"><time>2026-04-01T18:32:31.000Z</time></trkpt><trkpt lat="14.231536865234375" lon="121.16303253173828"><time>2026-04-01T18:32:32.000Z</time></trkpt><trkpt lat="14.231534957885742" lon="121.16300964355469"><time>2026-04-01T18:32:33.000Z</time></trkpt><trkpt lat="14.23153305053711" lon="121.1629867553711"><time>2026-04-01T18:32:34.000Z</time></trkpt><trkpt lat="14.23153018951416" lon="121.1629638671875"><time>2026-04-01T18:32:35.000Z</time></trkpt><trkpt lat="14.231523513793945" lon="121.1629409790039"><time>2026-04-01T18:32:36.000Z</time></trkpt><trkpt lat="14.23151683807373" lon="121.16291809082031"><time>2026-04-01T18:32:37.000Z</time></trkpt><trkpt lat="14.231513023376465" lon="121.16289520263672"><time>2026-04-01T18:32:38.000Z</time></trkpt><trkpt lat="14.231505393981934" lon="121.16287994384766"><time>2026-04-01T18:32:39.000Z</time></trkpt><trkpt lat="14.231498718261719" lon="121.1628646850586"><time>2026-04-01T18:32:40.000Z</time></trkpt><trkpt lat="14.231494903564453" lon="121.162841796875"><time>2026-04-01T18:32:41.000Z</time></trkpt><trkpt lat="14.231490135192871" lon="121.16282653808594"><time>2026-04-01T18:32:42.000Z</time></trkpt><trkpt lat="14.231488227844238" lon="121.16280364990234"><time>2026-04-01T18:32:43.000Z</time></trkpt><trkpt lat="14.231488227844238" lon="121.16278839111328"><time>2026-04-01T18:32:44.000Z</time></trkpt><trkpt lat="14.231485366821289" lon="121.16275787353516"><time>2026-04-01T18:32:45.000Z</time></trkpt><trkpt lat="14.231481552124023" lon="121.1627426147461"><time>2026-04-01T18:32:46.000Z</time></trkpt><trkpt lat="14.231483459472656" lon="121.1627197265625"><time>2026-04-01T18:32:47.000Z</time></trkpt><trkpt lat="14.231476783752441" lon="121.16270446777344"><time>2026-04-01T18:32:48.000Z</time></trkpt><trkpt lat="14.231470108032227" lon="121.16268157958984"><time>2026-04-01T18:32:49.000Z</time></trkpt><trkpt lat="14.23147201538086" lon="121.16266632080078"><time>2026-04-01T18:32:50.000Z</time></trkpt><trkpt lat="14.231470108032227" lon="121.16265869140625"><time>2026-04-01T18:32:51.000Z</time></trkpt><trkpt lat="14.231459617614746" lon="121.16263580322266"><time>2026-04-01T18:32:52.000Z</time></trkpt><trkpt lat="14.231456756591797" lon="121.1626205444336"><time>2026-04-01T18:32:53.000Z</time></trkpt><trkpt lat="14.231452941894531" lon="121.16259765625"><time>2026-04-01T18:32:54.000Z</time></trkpt><trkpt lat="14.23144817352295" lon="121.16258239746094"><time>2026-04-01T18:32:55.000Z</time></trkpt><trkpt lat="14.231443405151367" lon="121.16256713867188"><time>2026-04-01T18:32:56.000Z</time></trkpt><trkpt lat="14.2314453125" lon="121.16253662109375"><time>2026-04-01T18:32:57.000Z</time></trkpt><trkpt lat="14.231438636779785" lon="121.16251373291016"><time>2026-04-01T18:32:58.000Z</time></trkpt><trkpt lat="14.231428146362305" lon="121.16249084472656"><time>2026-04-01T18:32:59.000Z</time></trkpt><trkpt lat="14.231426239013672" lon="121.16246032714844"><time>2026-04-01T18:33:00.000Z</time></trkpt><trkpt lat="14.231419563293457" lon="121.16244506835938"><time>2026-04-01T18:33:01.000Z</time></trkpt><trkpt lat="14.231410026550293" lon="121.16242218017578"><time>2026-04-01T18:33:02.000Z</time></trkpt><trkpt lat="14.231406211853027" lon="121.16241455078125"><time>2026-04-01T18:33:03.000Z</time></trkpt><trkpt lat="14.231401443481445" lon="121.16239929199219"><time>2026-04-01T18:33:04.000Z</time></trkpt><trkpt lat="14.231396675109863" lon="121.1623764038086"><time>2026-04-01T18:33:05.000Z</time></trkpt><trkpt lat="14.231389999389648" lon="121.16234588623047"><time>2026-04-01T18:33:06.000Z</time></trkpt><trkpt lat="14.2313814163208" lon="121.16232299804688"><time>2026-04-01T18:33:07.000Z</time></trkpt><trkpt lat="14.231376647949219" lon="121.16230010986328"><time>2026-04-01T18:33:08.000Z</time></trkpt><trkpt lat="14.231369972229004" lon="121.16227722167969"><time>2026-04-01T18:33:09.000Z</time></trkpt><trkpt lat="14.231365203857422" lon="121.16224670410156"><time>2026-04-01T18:33:10.000Z</time></trkpt><trkpt lat="14.231358528137207" lon="121.16222381591797"><time>2026-04-01T18:33:11.000Z</time></trkpt><trkpt lat="14.231354713439941" lon="121.1622085571289"><time>2026-04-01T18:33:12.000Z</time></trkpt><trkpt lat="14.23134994506836" lon="121.16218566894531"><time>2026-04-01T18:33:13.000Z</time></trkpt><trkpt lat="14.231343269348145" lon="121.16217041015625"><time>2026-04-01T18:33:14.000Z</time></trkpt><trkpt lat="14.23133659362793" lon="121.16214752197266"><time>2026-04-01T18:33:15.000Z</time></trkpt><trkpt lat="14.23133373260498" lon="121.16212463378906"><time>2026-04-01T18:33:16.000Z</time></trkpt><trkpt lat="14.231328010559082" lon="121.162109375"><time>2026-04-01T18:33:17.000Z</time></trkpt><trkpt lat="14.2313232421875" lon="121.1620864868164"><time>2026-04-01T18:33:18.000Z</time></trkpt><trkpt lat="14.231318473815918" lon="121.16207122802734"><time>2026-04-01T18:33:19.000Z</time></trkpt><trkpt lat="14.231313705444336" lon="121.16205596923828"><time>2026-04-01T18:33:20.000Z</time></trkpt><trkpt lat="14.231305122375488" lon="121.16203308105469"><time>2026-04-01T18:33:21.000Z</time></trkpt><trkpt lat="14.23129653930664" lon="121.1620101928711"><time>2026-04-01T18:33:22.000Z</time></trkpt><trkpt lat="14.231287956237793" lon="121.1619873046875"><time>2026-04-01T18:33:23.000Z</time></trkpt><trkpt lat="14.231281280517578" lon="121.1619644165039"><time>2026-04-01T18:33:24.000Z</time></trkpt><trkpt lat="14.231276512145996" lon="121.16194152832031"><time>2026-04-01T18:33:25.000Z</time></trkpt><trkpt lat="14.231273651123047" lon="121.16191101074219"><time>2026-04-01T18:33:26.000Z</time></trkpt><trkpt lat="14.231266975402832" lon="121.1618881225586"><time>2026-04-01T18:33:27.000Z</time></trkpt><trkpt lat="14.2312650680542" lon="121.161865234375"><time>2026-04-01T18:33:28.000Z</time></trkpt><trkpt lat="14.2312650680542" lon="121.16185760498047"><time>2026-04-01T18:33:29.000Z</time></trkpt><trkpt lat="14.231258392333984" lon="121.16183471679688"><time>2026-04-01T18:33:30.000Z</time></trkpt><trkpt lat="14.231254577636719" lon="121.16180419921875"><time>2026-04-01T18:33:31.000Z</time></trkpt><trkpt lat="14.23125171661377" lon="121.16178131103516"><time>2026-04-01T18:33:32.000Z</time></trkpt><trkpt lat="14.231241226196289" lon="121.16175842285156"><time>2026-04-01T18:33:33.000Z</time></trkpt><trkpt lat="14.231233596801758" lon="121.16173553466797"><time>2026-04-01T18:33:34.000Z</time></trkpt><trkpt lat="14.231231689453125" lon="121.16171264648438"><time>2026-04-01T18:33:35.000Z</time></trkpt><trkpt lat="14.23122787475586" lon="121.16169738769531"><time>2026-04-01T18:33:36.000Z</time></trkpt><trkpt lat="14.23122501373291" lon="121.16167449951172"><time>2026-04-01T18:33:37.000Z</time></trkpt><trkpt lat="14.231220245361328" lon="121.1616439819336"><time>2026-04-01T18:33:38.000Z</time></trkpt><trkpt lat="14.23121166229248" lon="121.16162872314453"><time>2026-04-01T18:33:39.000Z</time></trkpt><trkpt lat="14.231204986572266" lon="121.16161346435547"><time>2026-04-01T18:33:40.000Z</time></trkpt><trkpt lat="14.23119831085205" lon="121.1615982055664"><time>2026-04-01T18:33:41.000Z</time></trkpt><trkpt lat="14.231189727783203" lon="121.16158294677734"><time>2026-04-01T18:33:42.000Z</time></trkpt><trkpt lat="14.231180191040039" lon="121.16156005859375"><time>2026-04-01T18:33:43.000Z</time></trkpt><trkpt lat="14.231171607971191" lon="121.16154479980469"><time>2026-04-01T18:33:44.000Z</time></trkpt><trkpt lat="14.231156349182129" lon="121.16149139404297"><time>2026-04-01T18:33:45.000Z</time></trkpt><trkpt lat="14.231151580810547" lon="121.16146850585938"><time>2026-04-01T18:33:46.000Z</time></trkpt><trkpt lat="14.231149673461914" lon="121.16143798828125"><time>2026-04-01T18:33:47.000Z</time></trkpt><trkpt lat="14.231142044067383" lon="121.16141510009766"><time>2026-04-01T18:33:48.000Z</time></trkpt><trkpt lat="14.231136322021484" lon="121.16138458251953"><time>2026-04-01T18:33:49.000Z</time></trkpt><trkpt lat="14.23112678527832" lon="121.16136169433594"><time>2026-04-01T18:33:50.000Z</time></trkpt><trkpt lat="14.231120109558105" lon="121.16133117675781"><time>2026-04-01T18:33:51.000Z</time></trkpt><trkpt lat="14.23111343383789" lon="121.16130828857422"><time>2026-04-01T18:33:52.000Z</time></trkpt><trkpt lat="14.231104850769043" lon="121.16128540039062"><time>2026-04-01T18:33:53.000Z</time></trkpt><trkpt lat="14.231100082397461" lon="121.16126251220703"><time>2026-04-01T18:33:54.000Z</time></trkpt><trkpt lat="14.231091499328613" lon="121.16123962402344"><time>2026-04-01T18:33:55.000Z</time></trkpt><trkpt lat="14.231086730957031" lon="121.16122436523438"><time>2026-04-01T18:33:56.000Z</time></trkpt><trkpt lat="14.231080055236816" lon="121.16120147705078"><time>2026-04-01T18:33:57.000Z</time></trkpt><trkpt lat="14.231075286865234" lon="121.16117858886719"><time>2026-04-01T18:33:58.000Z</time></trkpt><trkpt lat="14.231066703796387" lon="121.16116333007812"><time>2026-04-01T18:33:59.000Z</time></trkpt><trkpt lat="14.231061935424805" lon="121.16114044189453"><time>2026-04-01T18:34:00.000Z</time></trkpt><trkpt lat="14.231056213378906" lon="121.16112518310547"><time>2026-04-01T18:34:01.000Z</time></trkpt><trkpt lat="14.231051445007324" lon="121.16110229492188"><time>2026-04-01T18:34:02.000Z</time></trkpt><trkpt lat="14.23104476928711" lon="121.16107940673828"><time>2026-04-01T18:34:03.000Z</time></trkpt><trkpt lat="14.231040000915527" lon="121.16105651855469"><time>2026-04-01T18:34:04.000Z</time></trkpt><trkpt lat="14.231035232543945" lon="121.16104125976562"><time>2026-04-01T18:34:05.000Z</time></trkpt><trkpt lat="14.231030464172363" lon="121.16101837158203"><time>2026-04-01T18:34:06.000Z</time></trkpt><trkpt lat="14.231024742126465" lon="121.16099548339844"><time>2026-04-01T18:34:07.000Z</time></trkpt><trkpt lat="14.231019973754883" lon="121.16098022460938"><time>2026-04-01T18:34:08.000Z</time></trkpt><trkpt lat="14.2310152053833" lon="121.16095733642578"><time>2026-04-01T18:34:09.000Z</time></trkpt><trkpt lat="14.231011390686035" lon="121.16093444824219"><time>2026-04-01T18:34:10.000Z</time></trkpt><trkpt lat="14.231008529663086" lon="121.16091918945312"><time>2026-04-01T18:34:11.000Z</time></trkpt><trkpt lat="14.231003761291504" lon="121.16090393066406"><time>2026-04-01T18:34:12.000Z</time></trkpt><trkpt lat="14.230998039245605" lon="121.160888671875"><time>2026-04-01T18:34:13.000Z</time></trkpt><trkpt lat="14.230993270874023" lon="121.1608657836914"><time>2026-04-01T18:34:14.000Z</time></trkpt><trkpt lat="14.230990409851074" lon="121.16085815429688"><time>2026-04-01T18:34:15.000Z</time></trkpt><trkpt lat="14.230986595153809" lon="121.16084289550781"><time>2026-04-01T18:34:16.000Z</time></trkpt><trkpt lat="14.23098373413086" lon="121.16082763671875"><time>2026-04-01T18:34:17.000Z</time></trkpt><trkpt lat="14.230978012084961" lon="121.16081237792969"><time>2026-04-01T18:34:18.000Z</time></trkpt><trkpt lat="14.230971336364746" lon="121.1607894897461"><time>2026-04-01T18:34:19.000Z</time></trkpt><trkpt lat="14.23097038269043" lon="121.1607666015625"><time>2026-04-01T18:34:20.000Z</time></trkpt><trkpt lat="14.230963706970215" lon="121.16075134277344"><time>2026-04-01T18:34:21.000Z</time></trkpt><trkpt lat="14.23095703125" lon="121.16073608398438"><time>2026-04-01T18:34:22.000Z</time></trkpt><trkpt lat="14.230951309204102" lon="121.16072082519531"><time>2026-04-01T18:34:23.000Z</time></trkpt><trkpt lat="14.230948448181152" lon="121.16070556640625"><time>2026-04-01T18:34:24.000Z</time></trkpt><trkpt lat="14.230944633483887" lon="121.16069793701172"><time>2026-04-01T18:34:25.000Z</time></trkpt><trkpt lat="14.230941772460938" lon="121.16068267822266"><time>2026-04-01T18:34:26.000Z</time></trkpt><trkpt lat="14.230935096740723" lon="121.1606674194336"><time>2026-04-01T18:34:27.000Z</time></trkpt><trkpt lat="14.230926513671875" lon="121.16065216064453"><time>2026-04-01T18:34:28.000Z</time></trkpt><trkpt lat="14.230917930603027" lon="121.16062927246094"><time>2026-04-01T18:34:29.000Z</time></trkpt><trkpt lat="14.230913162231445" lon="121.16061401367188"><time>2026-04-01T18:34:30.000Z</time></trkpt><trkpt lat="14.230908393859863" lon="121.16059875488281"><time>2026-04-01T18:34:31.000Z</time></trkpt><trkpt lat="14.230903625488281" lon="121.16058349609375"><time>2026-04-01T18:34:32.000Z</time></trkpt><trkpt lat="14.230896949768066" lon="121.16056060791016"><time>2026-04-01T18:34:33.000Z</time></trkpt><trkpt lat="14.2308931350708" lon="121.16053771972656"><time>2026-04-01T18:34:34.000Z</time></trkpt><trkpt lat="14.230890274047852" lon="121.16051483154297"><time>2026-04-01T18:34:35.000Z</time></trkpt><trkpt lat="14.230888366699219" lon="121.16049194335938"><time>2026-04-01T18:34:36.000Z</time></trkpt><trkpt lat="14.230888366699219" lon="121.16046142578125"><time>2026-04-01T18:34:37.000Z</time></trkpt><trkpt lat="14.230884552001953" lon="121.16043853759766"><time>2026-04-01T18:34:38.000Z</time></trkpt><trkpt lat="14.230881690979004" lon="121.16041564941406"><time>2026-04-01T18:34:39.000Z</time></trkpt><trkpt lat="14.230873107910156" lon="121.1603775024414"><time>2026-04-01T18:34:40.000Z</time></trkpt><trkpt lat="14.230871200561523" lon="121.16033935546875"><time>2026-04-01T18:34:41.000Z</time></trkpt><trkpt lat="14.230871200561523" lon="121.16031646728516"><time>2026-04-01T18:34:42.000Z</time></trkpt><trkpt lat="14.230866432189941" lon="121.1602783203125"><time>2026-04-01T18:34:43.000Z</time></trkpt><trkpt lat="14.23086166381836" lon="121.1602554321289"><time>2026-04-01T18:34:44.000Z</time></trkpt><trkpt lat="14.230856895446777" lon="121.16023254394531"><time>2026-04-01T18:34:45.000Z</time></trkpt><trkpt lat="14.230850219726562" lon="121.16020965576172"><time>2026-04-01T18:34:46.000Z</time></trkpt><trkpt lat="14.230846405029297" lon="121.16018676757812"><time>2026-04-01T18:34:47.000Z</time></trkpt><trkpt lat="14.230841636657715" lon="121.16016387939453"><time>2026-04-01T18:34:48.000Z</time></trkpt><trkpt lat="14.230833053588867" lon="121.16014862060547"><time>2026-04-01T18:34:49.000Z</time></trkpt><trkpt lat="14.230823516845703" lon="121.1601333618164"><time>2026-04-01T18:34:50.000Z</time></trkpt><trkpt lat="14.230812072753906" lon="121.16011810302734"><time>2026-04-01T18:34:51.000Z</time></trkpt><trkpt lat="14.230799674987793" lon="121.16009521484375"><time>2026-04-01T18:34:52.000Z</time></trkpt><trkpt lat="14.230792045593262" lon="121.16008758544922"><time>2026-04-01T18:34:53.000Z</time></trkpt><trkpt lat="14.230788230895996" lon="121.16007232666016"><time>2026-04-01T18:34:54.000Z</time></trkpt><trkpt lat="14.230783462524414" lon="121.1600570678711"><time>2026-04-01T18:34:55.000Z</time></trkpt><trkpt lat="14.230781555175781" lon="121.1600341796875"><time>2026-04-01T18:34:56.000Z</time></trkpt><trkpt lat="14.230781555175781" lon="121.1600112915039"><time>2026-04-01T18:34:57.000Z</time></trkpt><trkpt lat="14.230774879455566" lon="121.15998077392578"><time>2026-04-01T18:34:58.000Z</time></trkpt><trkpt lat="14.230772972106934" lon="121.15995788574219"><time>2026-04-01T18:34:59.000Z</time></trkpt><trkpt lat="14.230772972106934" lon="121.15994262695312"><time>2026-04-01T18:35:00.000Z</time></trkpt><trkpt lat="14.230770111083984" lon="121.15992736816406"><time>2026-04-01T18:35:01.000Z</time></trkpt><trkpt lat="14.230770111083984" lon="121.15990447998047"><time>2026-04-01T18:35:02.000Z</time></trkpt><trkpt lat="14.23076343536377" lon="121.15988159179688"><time>2026-04-01T18:35:03.000Z</time></trkpt><trkpt lat="14.230758666992188" lon="121.15985870361328"><time>2026-04-01T18:35:04.000Z</time></trkpt><trkpt lat="14.230754852294922" lon="121.15983581542969"><time>2026-04-01T18:35:05.000Z</time></trkpt><trkpt lat="14.230746269226074" lon="121.1598129272461"><time>2026-04-01T18:35:06.000Z</time></trkpt><trkpt lat="14.23073673248291" lon="121.15979766845703"><time>2026-04-01T18:35:07.000Z</time></trkpt><trkpt lat="14.230732917785645" lon="121.15978240966797"><time>2026-04-01T18:35:08.000Z</time></trkpt><trkpt lat="14.230731964111328" lon="121.15975952148438"><time>2026-04-01T18:35:09.000Z</time></trkpt><trkpt lat="14.23072624206543" lon="121.15973663330078"><time>2026-04-01T18:35:10.000Z</time></trkpt><trkpt lat="14.230718612670898" lon="121.15971374511719"><time>2026-04-01T18:35:11.000Z</time></trkpt><trkpt lat="14.230711936950684" lon="121.15969848632812"><time>2026-04-01T18:35:12.000Z</time></trkpt><trkpt lat="14.230705261230469" lon="121.15967559814453"><time>2026-04-01T18:35:13.000Z</time></trkpt><trkpt lat="14.230696678161621" lon="121.15965270996094"><time>2026-04-01T18:35:14.000Z</time></trkpt><trkpt lat="14.230688095092773" lon="121.15962219238281"><time>2026-04-01T18:35:15.000Z</time></trkpt><trkpt lat="14.230683326721191" lon="121.15960693359375"><time>2026-04-01T18:35:16.000Z</time></trkpt><trkpt lat="14.230676651000977" lon="121.15958404541016"><time>2026-04-01T18:35:17.000Z</time></trkpt><trkpt lat="14.230671882629395" lon="121.15956115722656"><time>2026-04-01T18:35:18.000Z</time></trkpt><trkpt lat="14.23066520690918" lon="121.15953826904297"><time>2026-04-01T18:35:19.000Z</time></trkpt><trkpt lat="14.230661392211914" lon="121.15951538085938"><time>2026-04-01T18:35:20.000Z</time></trkpt><trkpt lat="14.230660438537598" lon="121.15949249267578"><time>2026-04-01T18:35:21.000Z</time></trkpt><trkpt lat="14.230656623840332" lon="121.15946960449219"><time>2026-04-01T18:35:22.000Z</time></trkpt><trkpt lat="14.230653762817383" lon="121.1594467163086"><time>2026-04-01T18:35:23.000Z</time></trkpt><trkpt lat="14.230647087097168" lon="121.15943145751953"><time>2026-04-01T18:35:24.000Z</time></trkpt><trkpt lat="14.23063850402832" lon="121.15940856933594"><time>2026-04-01T18:35:25.000Z</time></trkpt><trkpt lat="14.230631828308105" lon="121.15939331054688"><time>2026-04-01T18:35:26.000Z</time></trkpt><trkpt lat="14.230623245239258" lon="121.15937805175781"><time>2026-04-01T18:35:27.000Z</time></trkpt><trkpt lat="14.230620384216309" lon="121.15935516357422"><time>2026-04-01T18:35:28.000Z</time></trkpt><trkpt lat="14.230613708496094" lon="121.15933227539062"><time>2026-04-01T18:35:29.000Z</time></trkpt><trkpt lat="14.230603218078613" lon="121.15931701660156"><time>2026-04-01T18:35:30.000Z</time></trkpt><trkpt lat="14.230594635009766" lon="121.1593017578125"><time>2026-04-01T18:35:31.000Z</time></trkpt><trkpt lat="14.230589866638184" lon="121.15928649902344"><time>2026-04-01T18:35:32.000Z</time></trkpt><trkpt lat="14.230583190917969" lon="121.15925598144531"><time>2026-04-01T18:35:33.000Z</time></trkpt><trkpt lat="14.230574607849121" lon="121.15923309326172"><time>2026-04-01T18:35:34.000Z</time></trkpt><trkpt lat="14.230569839477539" lon="121.15921783447266"><time>2026-04-01T18:35:35.000Z</time></trkpt><trkpt lat="14.230567932128906" lon="121.15919494628906"><time>2026-04-01T18:35:36.000Z</time></trkpt><trkpt lat="14.23056697845459" lon="121.15917205810547"><time>2026-04-01T18:35:37.000Z</time></trkpt><trkpt lat="14.230561256408691" lon="121.15914154052734"><time>2026-04-01T18:35:38.000Z</time></trkpt><trkpt lat="14.23055648803711" lon="121.15911865234375"><time>2026-04-01T18:35:39.000Z</time></trkpt><trkpt lat="14.230551719665527" lon="121.15909576416016"><time>2026-04-01T18:35:40.000Z</time></trkpt><trkpt lat="14.230549812316895" lon="121.1590576171875"><time>2026-04-01T18:35:41.000Z</time></trkpt><trkpt lat="14.230541229248047" lon="121.15901947021484"><time>2026-04-01T18:35:42.000Z</time></trkpt><trkpt lat="14.230534553527832" lon="121.15898895263672"><time>2026-04-01T18:35:43.000Z</time></trkpt><trkpt lat="14.230531692504883" lon="121.15896606445312"><time>2026-04-01T18:35:44.000Z</time></trkpt><trkpt lat="14.23052978515625" lon="121.15894317626953"><time>2026-04-01T18:35:45.000Z</time></trkpt><trkpt lat="14.230527877807617" lon="121.15892791748047"><time>2026-04-01T18:35:46.000Z</time></trkpt><trkpt lat="14.230525016784668" lon="121.1589126586914"><time>2026-04-01T18:35:47.000Z</time></trkpt><trkpt lat="14.230520248413086" lon="121.15888977050781"><time>2026-04-01T18:35:48.000Z</time></trkpt><trkpt lat="14.230509757995605" lon="121.15887451171875"><time>2026-04-01T18:35:49.000Z</time></trkpt><trkpt lat="14.230502128601074" lon="121.15885162353516"><time>2026-04-01T18:35:50.000Z</time></trkpt><trkpt lat="14.230496406555176" lon="121.1588363647461"><time>2026-04-01T18:35:51.000Z</time></trkpt><trkpt lat="14.230488777160645" lon="121.1588134765625"><time>2026-04-01T18:35:52.000Z</time></trkpt><trkpt lat="14.23048210144043" lon="121.1587905883789"><time>2026-04-01T18:35:53.000Z</time></trkpt><trkpt lat="14.230475425720215" lon="121.15876007080078"><time>2026-04-01T18:35:54.000Z</time></trkpt><trkpt lat="14.230464935302734" lon="121.15872955322266"><time>2026-04-01T18:35:55.000Z</time></trkpt><trkpt lat="14.230456352233887" lon="121.15870666503906"><time>2026-04-01T18:35:56.000Z</time></trkpt><trkpt lat="14.230451583862305" lon="121.15868377685547"><time>2026-04-01T18:35:57.000Z</time></trkpt><trkpt lat="14.23044490814209" lon="121.15866088867188"><time>2026-04-01T18:35:58.000Z</time></trkpt><trkpt lat="14.230440139770508" lon="121.15863800048828"><time>2026-04-01T18:35:59.000Z</time></trkpt><trkpt lat="14.230433464050293" lon="121.15861511230469"><time>2026-04-01T18:36:00.000Z</time></trkpt><trkpt lat="14.230428695678711" lon="121.15859985351562"><time>2026-04-01T18:36:01.000Z</time></trkpt><trkpt lat="14.230422019958496" lon="121.15857696533203"><time>2026-04-01T18:36:02.000Z</time></trkpt><trkpt lat="14.230415344238281" lon="121.1585464477539"><time>2026-04-01T18:36:03.000Z</time></trkpt><trkpt lat="14.230411529541016" lon="121.15852355957031"><time>2026-04-01T18:36:04.000Z</time></trkpt><trkpt lat="14.230409622192383" lon="121.15850067138672"><time>2026-04-01T18:36:05.000Z</time></trkpt><trkpt lat="14.2304048538208" lon="121.15848541259766"><time>2026-04-01T18:36:06.000Z</time></trkpt><trkpt lat="14.230400085449219" lon="121.15846252441406"><time>2026-04-01T18:36:07.000Z</time></trkpt><trkpt lat="14.230393409729004" lon="121.15843963623047"><time>2026-04-01T18:36:08.000Z</time></trkpt><trkpt lat="14.230386734008789" lon="121.15841674804688"><time>2026-04-01T18:36:09.000Z</time></trkpt><trkpt lat="14.230376243591309" lon="121.15839385986328"><time>2026-04-01T18:36:10.000Z</time></trkpt><trkpt lat="14.230369567871094" lon="121.15836334228516"><time>2026-04-01T18:36:11.000Z</time></trkpt><trkpt lat="14.230364799499512" lon="121.15834045410156"><time>2026-04-01T18:36:12.000Z</time></trkpt><trkpt lat="14.23036003112793" lon="121.15831756591797"><time>2026-04-01T18:36:13.000Z</time></trkpt><trkpt lat="14.230358123779297" lon="121.15829467773438"><time>2026-04-01T18:36:14.000Z</time></trkpt><trkpt lat="14.230356216430664" lon="121.15827178955078"><time>2026-04-01T18:36:15.000Z</time></trkpt><trkpt lat="14.230353355407715" lon="121.15824890136719"><time>2026-04-01T18:36:16.000Z</time></trkpt><trkpt lat="14.230348587036133" lon="121.15823364257812"><time>2026-04-01T18:36:17.000Z</time></trkpt><trkpt lat="14.230342864990234" lon="121.15821838378906"><time>2026-04-01T18:36:18.000Z</time></trkpt><trkpt lat="14.230335235595703" lon="121.15819549560547"><time>2026-04-01T18:36:19.000Z</time></trkpt><trkpt lat="14.230330467224121" lon="121.15817260742188"><time>2026-04-01T18:36:20.000Z</time></trkpt><trkpt lat="14.230323791503906" lon="121.15814971923828"><time>2026-04-01T18:36:21.000Z</time></trkpt><trkpt lat="14.230317115783691" lon="121.15812683105469"><time>2026-04-01T18:36:22.000Z</time></trkpt><trkpt lat="14.230311393737793" lon="121.1581039428711"><time>2026-04-01T18:36:23.000Z</time></trkpt><trkpt lat="14.230306625366211" lon="121.15808868408203"><time>2026-04-01T18:36:24.000Z</time></trkpt><trkpt lat="14.230303764343262" lon="121.15807342529297"><time>2026-04-01T18:36:25.000Z</time></trkpt><trkpt lat="14.230298042297363" lon="121.15805053710938"><time>2026-04-01T18:36:26.000Z</time></trkpt><trkpt lat="14.230291366577148" lon="121.15802764892578"><time>2026-04-01T18:36:27.000Z</time></trkpt><trkpt lat="14.230284690856934" lon="121.15800476074219"><time>2026-04-01T18:36:28.000Z</time></trkpt><trkpt lat="14.230277061462402" lon="121.15797424316406"><time>2026-04-01T18:36:29.000Z</time></trkpt><trkpt lat="14.230268478393555" lon="121.15795135498047"><time>2026-04-01T18:36:30.000Z</time></trkpt><trkpt lat="14.230266571044922" lon="121.15792846679688"><time>2026-04-01T18:36:31.000Z</time></trkpt><trkpt lat="14.230263710021973" lon="121.15790557861328"><time>2026-04-01T18:36:32.000Z</time></trkpt><trkpt lat="14.230257987976074" lon="121.15788269042969"><time>2026-04-01T18:36:33.000Z</time></trkpt><trkpt lat="14.230257987976074" lon="121.1578598022461"><time>2026-04-01T18:36:34.000Z</time></trkpt><trkpt lat="14.230255126953125" lon="121.15784454345703"><time>2026-04-01T18:36:35.000Z</time></trkpt><trkpt lat="14.23025131225586" lon="121.15782928466797"><time>2026-04-01T18:36:36.000Z</time></trkpt><trkpt lat="14.230244636535645" lon="121.15780639648438"><time>2026-04-01T18:36:37.000Z</time></trkpt><trkpt lat="14.230237007141113" lon="121.15778350830078"><time>2026-04-01T18:36:38.000Z</time></trkpt><trkpt lat="14.230228424072266" lon="121.15775299072266"><time>2026-04-01T18:36:39.000Z</time></trkpt><trkpt lat="14.230219841003418" lon="121.15773010253906"><time>2026-04-01T18:36:40.000Z</time></trkpt><trkpt lat="14.230215072631836" lon="121.15770721435547"><time>2026-04-01T18:36:41.000Z</time></trkpt><trkpt lat="14.230213165283203" lon="121.15767669677734"><time>2026-04-01T18:36:42.000Z</time></trkpt><trkpt lat="14.23021125793457" lon="121.15765380859375"><time>2026-04-01T18:36:43.000Z</time></trkpt><trkpt lat="14.230208396911621" lon="121.15762329101562"><time>2026-04-01T18:36:44.000Z</time></trkpt><trkpt lat="14.230203628540039" lon="121.15760803222656"><time>2026-04-01T18:36:45.000Z</time></trkpt><trkpt lat="14.230199813842773" lon="121.1575927734375"><time>2026-04-01T18:36:46.000Z</time></trkpt><trkpt lat="14.230196952819824" lon="121.1575698852539"><time>2026-04-01T18:36:47.000Z</time></trkpt><trkpt lat="14.23019027709961" lon="121.15755462646484"><time>2026-04-01T18:36:48.000Z</time></trkpt><trkpt lat="14.230186462402344" lon="121.15753173828125"><time>2026-04-01T18:36:49.000Z</time></trkpt><trkpt lat="14.230181694030762" lon="121.15751647949219"><time>2026-04-01T18:36:50.000Z</time></trkpt><trkpt lat="14.230175018310547" lon="121.1574935913086"><time>2026-04-01T18:36:51.000Z</time></trkpt><trkpt lat="14.2301664352417" lon="121.157470703125"><time>2026-04-01T18:36:52.000Z</time></trkpt><trkpt lat="14.230161666870117" lon="121.1574478149414"><time>2026-04-01T18:36:53.000Z</time></trkpt><trkpt lat="14.23015308380127" lon="121.15742492675781"><time>2026-04-01T18:36:54.000Z</time></trkpt><trkpt lat="14.230145454406738" lon="121.15740203857422"><time>2026-04-01T18:36:55.000Z</time></trkpt><trkpt lat="14.230138778686523" lon="121.1573715209961"><time>2026-04-01T18:36:56.000Z</time></trkpt><trkpt lat="14.230133056640625" lon="121.1573486328125"><time>2026-04-01T18:36:57.000Z</time></trkpt><trkpt lat="14.230128288269043" lon="121.1573257446289"><time>2026-04-01T18:36:58.000Z</time></trkpt><trkpt lat="14.230121612548828" lon="121.15730285644531"><time>2026-04-01T18:36:59.000Z</time></trkpt><trkpt lat="14.230114936828613" lon="121.15727233886719"><time>2026-04-01T18:37:00.000Z</time></trkpt><trkpt lat="14.230110168457031" lon="121.1572494506836"><time>2026-04-01T18:37:01.000Z</time></trkpt><trkpt lat="14.230103492736816" lon="121.1572265625"><time>2026-04-01T18:37:02.000Z</time></trkpt><trkpt lat="14.230096817016602" lon="121.15719604492188"><time>2026-04-01T18:37:03.000Z</time></trkpt><trkpt lat="14.230088233947754" lon="121.15717315673828"><time>2026-04-01T18:37:04.000Z</time></trkpt><trkpt lat="14.230079650878906" lon="121.15715789794922"><time>2026-04-01T18:37:05.000Z</time></trkpt><trkpt lat="14.230072021484375" lon="121.15713500976562"><time>2026-04-01T18:37:06.000Z</time></trkpt><trkpt lat="14.23006534576416" lon="121.15711212158203"><time>2026-04-01T18:37:07.000Z</time></trkpt><trkpt lat="14.230058670043945" lon="121.15709686279297"><time>2026-04-01T18:37:08.000Z</time></trkpt><trkpt lat="14.23005485534668" lon="121.15707397460938"><time>2026-04-01T18:37:09.000Z</time></trkpt><trkpt lat="14.230050086975098" lon="121.15705871582031"><time>2026-04-01T18:37:10.000Z</time></trkpt><trkpt lat="14.230043411254883" lon="121.15704345703125"><time>2026-04-01T18:37:11.000Z</time></trkpt><trkpt lat="14.230036735534668" lon="121.15702056884766"><time>2026-04-01T18:37:12.000Z</time></trkpt><trkpt lat="14.230031967163086" lon="121.1570053100586"><time>2026-04-01T18:37:13.000Z</time></trkpt><trkpt lat="14.23002815246582" lon="121.156982421875"><time>2026-04-01T18:37:14.000Z</time></trkpt><trkpt lat="14.230025291442871" lon="121.1569595336914"><time>2026-04-01T18:37:15.000Z</time></trkpt><trkpt lat="14.230021476745605" lon="121.15694427490234"><time>2026-04-01T18:37:16.000Z</time></trkpt><trkpt lat="14.230016708374023" lon="121.15691375732422"><time>2026-04-01T18:37:17.000Z</time></trkpt><trkpt lat="14.230011940002441" lon="121.1568832397461"><time>2026-04-01T18:37:18.000Z</time></trkpt><trkpt lat="14.230006217956543" lon="121.1568603515625"><time>2026-04-01T18:37:19.000Z</time></trkpt><trkpt lat="14.229999542236328" lon="121.1568374633789"><time>2026-04-01T18:37:20.000Z</time></trkpt><trkpt lat="14.229996681213379" lon="121.15681457519531"><time>2026-04-01T18:37:21.000Z</time></trkpt><trkpt lat="14.229990005493164" lon="121.15679931640625"><time>2026-04-01T18:37:22.000Z</time></trkpt><trkpt lat="14.229981422424316" lon="121.15677642822266"><time>2026-04-01T18:37:23.000Z</time></trkpt><trkpt lat="14.229974746704102" lon="121.1567611694336"><time>2026-04-01T18:37:24.000Z</time></trkpt><trkpt lat="14.229968070983887" lon="121.15673828125"><time>2026-04-01T18:37:25.000Z</time></trkpt><trkpt lat="14.229963302612305" lon="121.1567153930664"><time>2026-04-01T18:37:26.000Z</time></trkpt><trkpt lat="14.229958534240723" lon="121.15670013427734"><time>2026-04-01T18:37:27.000Z</time></trkpt><trkpt lat="14.22995376586914" lon="121.15666961669922"><time>2026-04-01T18:37:28.000Z</time></trkpt><trkpt lat="14.229947090148926" lon="121.15664672851562"><time>2026-04-01T18:37:29.000Z</time></trkpt><trkpt lat="14.229938507080078" lon="121.15662384033203"><time>2026-04-01T18:37:30.000Z</time></trkpt><trkpt lat="14.229933738708496" lon="121.15660095214844"><time>2026-04-01T18:37:31.000Z</time></trkpt><trkpt lat="14.229927062988281" lon="121.15658569335938"><time>2026-04-01T18:37:32.000Z</time></trkpt><trkpt lat="14.229923248291016" lon="121.15656280517578"><time>2026-04-01T18:37:33.000Z</time></trkpt><trkpt lat="14.229920387268066" lon="121.15653991699219"><time>2026-04-01T18:37:34.000Z</time></trkpt><trkpt lat="14.229913711547852" lon="121.1565170288086"><time>2026-04-01T18:37:35.000Z</time></trkpt><trkpt lat="14.229907989501953" lon="121.156494140625"><time>2026-04-01T18:37:36.000Z</time></trkpt><trkpt lat="14.229903221130371" lon="121.1564712524414"><time>2026-04-01T18:37:37.000Z</time></trkpt><trkpt lat="14.229896545410156" lon="121.15645599365234"><time>2026-04-01T18:37:38.000Z</time></trkpt><trkpt lat="14.229889869689941" lon="121.15643310546875"><time>2026-04-01T18:37:39.000Z</time></trkpt><trkpt lat="14.229881286621094" lon="121.15641784667969"><time>2026-04-01T18:37:40.000Z</time></trkpt><trkpt lat="14.229873657226562" lon="121.1563949584961"><time>2026-04-01T18:37:41.000Z</time></trkpt><trkpt lat="14.229869842529297" lon="121.15636444091797"><time>2026-04-01T18:37:42.000Z</time></trkpt><trkpt lat="14.229865074157715" lon="121.15633392333984"><time>2026-04-01T18:37:43.000Z</time></trkpt><trkpt lat="14.229856491088867" lon="121.15630340576172"><time>2026-04-01T18:37:44.000Z</time></trkpt><trkpt lat="14.229846954345703" lon="121.15628051757812"><time>2026-04-01T18:37:45.000Z</time></trkpt><trkpt lat="14.229838371276855" lon="121.15625762939453"><time>2026-04-01T18:37:46.000Z</time></trkpt><trkpt lat="14.22983455657959" lon="121.15623474121094"><time>2026-04-01T18:37:47.000Z</time></trkpt><trkpt lat="14.229827880859375" lon="121.15621185302734"><time>2026-04-01T18:37:48.000Z</time></trkpt><trkpt lat="14.22982120513916" lon="121.15618896484375"><time>2026-04-01T18:37:49.000Z</time></trkpt><trkpt lat="14.229816436767578" lon="121.15616607666016"><time>2026-04-01T18:37:50.000Z</time></trkpt><trkpt lat="14.229808807373047" lon="121.15614318847656"><time>2026-04-01T18:37:51.000Z</time></trkpt><trkpt lat="14.229804992675781" lon="121.1561279296875"><time>2026-04-01T18:37:52.000Z</time></trkpt><trkpt lat="14.229803085327148" lon="121.1561050415039"><time>2026-04-01T18:37:53.000Z</time></trkpt><trkpt lat="14.2298002243042" lon="121.15608215332031"><time>2026-04-01T18:37:54.000Z</time></trkpt><trkpt lat="14.229796409606934" lon="121.15606689453125"><time>2026-04-01T18:37:55.000Z</time></trkpt><trkpt lat="14.229789733886719" lon="121.15604400634766"><time>2026-04-01T18:37:56.000Z</time></trkpt><trkpt lat="14.229783058166504" lon="121.1560287475586"><time>2026-04-01T18:37:57.000Z</time></trkpt><trkpt lat="14.229778289794922" lon="121.156005859375"><time>2026-04-01T18:37:58.000Z</time></trkpt><trkpt lat="14.229775428771973" lon="121.1559829711914"><time>2026-04-01T18:37:59.000Z</time></trkpt><trkpt lat="14.229769706726074" lon="121.15596008300781"><time>2026-04-01T18:38:00.000Z</time></trkpt><trkpt lat="14.22976303100586" lon="121.15592956542969"><time>2026-04-01T18:38:01.000Z</time></trkpt><trkpt lat="14.229762077331543" lon="121.1559066772461"><time>2026-04-01T18:38:02.000Z</time></trkpt><trkpt lat="14.229756355285645" lon="121.15589141845703"><time>2026-04-01T18:38:03.000Z</time></trkpt><trkpt lat="14.229751586914062" lon="121.1558609008789"><time>2026-04-01T18:38:04.000Z</time></trkpt><trkpt lat="14.22974681854248" lon="121.15583801269531"><time>2026-04-01T18:38:05.000Z</time></trkpt><trkpt lat="14.229742050170898" lon="121.15581512451172"><time>2026-04-01T18:38:06.000Z</time></trkpt><trkpt lat="14.229738235473633" lon="121.15579223632812"><time>2026-04-01T18:38:07.000Z</time></trkpt><trkpt lat="14.229735374450684" lon="121.15577697753906"><time>2026-04-01T18:38:08.000Z</time></trkpt><trkpt lat="14.229731559753418" lon="121.15576171875"><time>2026-04-01T18:38:09.000Z</time></trkpt><trkpt lat="14.229726791381836" lon="121.15575408935547"><time>2026-04-01T18:38:10.000Z</time></trkpt><trkpt lat="14.229722023010254" lon="121.1557388305664"><time>2026-04-01T18:38:11.000Z</time></trkpt><trkpt lat="14.229715347290039" lon="121.15572357177734"><time>2026-04-01T18:38:12.000Z</time></trkpt><trkpt lat="14.229708671569824" lon="121.15570068359375"><time>2026-04-01T18:38:13.000Z</time></trkpt><trkpt lat="14.229708671569824" lon="121.15567779541016"><time>2026-04-01T18:38:14.000Z</time></trkpt><trkpt lat="14.22970199584961" lon="121.15565490722656"><time>2026-04-01T18:38:15.000Z</time></trkpt><trkpt lat="14.229698181152344" lon="121.15563201904297"><time>2026-04-01T18:38:16.000Z</time></trkpt><trkpt lat="14.229693412780762" lon="121.15560913085938"><time>2026-04-01T18:38:17.000Z</time></trkpt><trkpt lat="14.229686737060547" lon="121.15558624267578"><time>2026-04-01T18:38:18.000Z</time></trkpt><trkpt lat="14.229681968688965" lon="121.15555572509766"><time>2026-04-01T18:38:19.000Z</time></trkpt><trkpt lat="14.229676246643066" lon="121.15553283691406"><time>2026-04-01T18:38:20.000Z</time></trkpt><trkpt lat="14.229673385620117" lon="121.15550994873047"><time>2026-04-01T18:38:21.000Z</time></trkpt><trkpt lat="14.229673385620117" lon="121.1554946899414"><time>2026-04-01T18:38:22.000Z</time></trkpt><trkpt lat="14.229668617248535" lon="121.15547943115234"><time>2026-04-01T18:38:23.000Z</time></trkpt><trkpt lat="14.22966194152832" lon="121.15544891357422"><time>2026-04-01T18:38:24.000Z</time></trkpt><trkpt lat="14.229655265808105" lon="121.15542602539062"><time>2026-04-01T18:38:25.000Z</time></trkpt><trkpt lat="14.22964859008789" lon="121.15540313720703"><time>2026-04-01T18:38:26.000Z</time></trkpt><trkpt lat="14.229640007019043" lon="121.15538024902344"><time>2026-04-01T18:38:27.000Z</time></trkpt><trkpt lat="14.229626655578613" lon="121.15534973144531"><time>2026-04-01T18:38:28.000Z</time></trkpt><trkpt lat="14.22961711883545" lon="121.15533447265625"><time>2026-04-01T18:38:29.000Z</time></trkpt><trkpt lat="14.229606628417969" lon="121.15531158447266"><time>2026-04-01T18:38:30.000Z</time></trkpt><trkpt lat="14.22960376739502" lon="121.15530395507812"><time>2026-04-01T18:38:31.000Z</time></trkpt><trkpt lat="14.229598045349121" lon="121.1552963256836"><time>2026-04-01T18:38:32.000Z</time></trkpt><trkpt lat="14.229597091674805" lon="121.15528869628906"><time>2026-04-01T18:38:33.000Z</time></trkpt><trkpt lat="14.229595184326172" lon="121.15528106689453"><time>2026-04-01T18:38:34.000Z</time></trkpt><trkpt lat="14.22959041595459" lon="121.1552734375"><time>2026-04-01T18:38:36.000Z</time></trkpt></trkseg></trk></gpx>